FirstName,LastName,,,Email,Gender,UserName,DOB,PhoneNo,Country,MiddleName,NokName,NokContactNumber,NokContactEmail,PostalCode,State,StreetAddress,StreetAddressEdit,LoginUserName,SensorMacId,SensorName,GatewayName,GatewayMacId
hilbhq234,hilbhq234,hilbhq234,@gmail.com,hilbhq234@gmail.com,female,hilbhq234,2021-12-18,234000077,Argentina,Leanor,Gardie,2608444766,gcornwall0@netscape.com,361538,Gegharkunik Province,6439 Coolidge Court,2 Darwin Place,ooostrfpe1,sPO19201,SensPOKQ23101,GGBTNHQQ1234,GHGTbd12
hilbhq235,hilbhq235,hilbhq235,@gmail.com,hilbhq235@gmail.com,female,hilbhq235,2021-12-19,234000078,Argentina,Leanor,Gardie,2608444766,gcornwall0@netscape.com,361538,Gegharkunik Province,6440 Coolidge Court,3 Darwin Place,ooostrfpe2,sPO19202,SensPOKQ23102,GGBTNHQQ1235,GHGTbd13
hilbhq236,hilbhq236,hilbhq236,@gmail.com,hilbhq236@gmail.com,female,hilbhq236,2021-12-20,234000079,Argentina,Leanor,Gardie,2608444766,gcornwall0@netscape.com,361538,Gegharkunik Province,6441 Coolidge Court,4 Darwin Place,ooostrfpe3,sPO19203,SensPOKQ23103,GGBTNHQQ1236,GHGTbd14
hilbhq237,hilbhq237,hilbhq237,@gmail.com,hilbhq237@gmail.com,female,hilbhq237,2021-12-21,234000080,Argentina,Leanor,Gardie,2608444766,gcornwall0@netscape.com,361538,Gegharkunik Province,6442 Coolidge Court,5 Darwin Place,ooostrfpe4,sPO19204,SensPOKQ23104,GGBTNHQQ1237,GHGTbd15
hilbhq238,hilbhq238,hilbhq238,@gmail.com,hilbhq238@gmail.com,female,hilbhq238,2021-12-22,234000081,Argentina,Leanor,Gardie,2608444766,gcornwall0@netscape.com,361538,Gegharkunik Province,6443 Coolidge Court,6 Darwin Place,ooostrfpe5,sPO19205,SensPOKQ23105,GGBTNHQQ1238,GHGTbd16
hilbhq239,hilbhq239,hilbhq239,@gmail.com,hilbhq239@gmail.com,female,hilbhq239,2021-12-23,234000082,Argentina,Leanor,Gardie,2608444766,gcornwall0@netscape.com,361538,Gegharkunik Province,6444 Coolidge Court,7 Darwin Place,ooostrfpe6,sPO19206,SensPOKQ23106,GGBTNHQQ1239,GHGTbd17
hilbhq240,hilbhq240,hilbhq240,@gmail.com,hilbhq240@gmail.com,female,hilbhq240,2021-12-24,234000083,Argentina,Leanor,Gardie,2608444766,gcornwall0@netscape.com,361538,Gegharkunik Province,6445 Coolidge Court,8 Darwin Place,ooostrfpe7,sPO19207,SensPOKQ23107,GGBTNHQQ1240,GHGTbd18
hilbhq241,hilbhq241,hilbhq241,@gmail.com,hilbhq241@gmail.com,female,hilbhq241,2021-12-25,234000084,Argentina,Leanor,Gardie,2608444766,gcornwall0@netscape.com,361538,Gegharkunik Province,6446 Coolidge Court,9 Darwin Place,ooostrfpe8,sPO19208,SensPOKQ23108,GGBTNHQQ1241,GHGTbd19
hilbhq242,hilbhq242,hilbhq242,@gmail.com,hilbhq242@gmail.com,female,hilbhq242,2021-12-26,234000085,Argentina,Leanor,Gardie,2608444766,gcornwall0@netscape.com,361538,Gegharkunik Province,6447 Coolidge Court,10 Darwin Place,ooostrfpe9,sPO19209,SensPOKQ23109,GGBTNHQQ1242,GHGTbd20
hilbhq243,hilbhq243,hilbhq243,@gmail.com,hilbhq243@gmail.com,female,hilbhq243,2021-12-27,234000086,Argentina,Leanor,Gardie,2608444766,gcornwall0@netscape.com,361538,Gegharkunik Province,6448 Coolidge Court,11 Darwin Place,ooostrfpe10,sPO19210,SensPOKQ23110,GGBTNHQQ1243,GHGTbd21
hilbhq244,hilbhq244,hilbhq244,@gmail.com,hilbhq244@gmail.com,female,hilbhq244,2021-12-28,234000087,Argentina,Leanor,Gardie,2608444766,gcornwall0@netscape.com,361538,Gegharkunik Province,6449 Coolidge Court,12 Darwin Place,ooostrfpe11,sPO19211,SensPOKQ23111,GGBTNHQQ1244,GHGTbd22
hilbhq245,hilbhq245,hilbhq245,@gmail.com,hilbhq245@gmail.com,female,hilbhq245,2021-12-29,234000088,Argentina,Leanor,Gardie,2608444766,gcornwall0@netscape.com,361538,Gegharkunik Province,6450 Coolidge Court,13 Darwin Place,ooostrfpe12,sPO19212,SensPOKQ23112,GGBTNHQQ1245,GHGTbd23
hilbhq246,hilbhq246,hilbhq246,@gmail.com,hilbhq246@gmail.com,female,hilbhq246,2021-12-30,234000089,Argentina,Leanor,Gardie,2608444766,gcornwall0@netscape.com,361538,Gegharkunik Province,6451 Coolidge Court,14 Darwin Place,ooostrfpe13,sPO19213,SensPOKQ23113,GGBTNHQQ1246,GHGTbd24
hilbhq247,hilbhq247,hilbhq247,@gmail.com,hilbhq247@gmail.com,female,hilbhq247,2021-12-31,234000090,Argentina,Leanor,Gardie,2608444766,gcornwall0@netscape.com,361538,Gegharkunik Province,6452 Coolidge Court,15 Darwin Place,ooostrfpe14,sPO19214,SensPOKQ23114,GGBTNHQQ1247,GHGTbd25
hilbhq248,hilbhq248,hilbhq248,@gmail.com,hilbhq248@gmail.com,female,hilbhq248,2022-01-01,234000091,Argentina,Leanor,Gardie,2608444766,gcornwall0@netscape.com,361538,Gegharkunik Province,6453 Coolidge Court,16 Darwin Place,ooostrfpe15,sPO19215,SensPOKQ23115,GGBTNHQQ1248,GHGTbd26
hilbhq249,hilbhq249,hilbhq249,@gmail.com,hilbhq249@gmail.com,female,hilbhq249,2022-01-02,234000092,Argentina,Leanor,Gardie,2608444766,gcornwall0@netscape.com,361538,Gegharkunik Province,6454 Coolidge Court,17 Darwin Place,ooostrfpe16,sPO19216,SensPOKQ23116,GGBTNHQQ1249,GHGTbd27
hilbhq250,hilbhq250,hilbhq250,@gmail.com,hilbhq250@gmail.com,female,hilbhq250,2022-01-03,234000093,Argentina,Leanor,Gardie,2608444766,gcornwall0@netscape.com,361538,Gegharkunik Province,6455 Coolidge Court,18 Darwin Place,ooostrfpe17,sPO19217,SensPOKQ23117,GGBTNHQQ1250,GHGTbd28
hilbhq251,hilbhq251,hilbhq251,@gmail.com,hilbhq251@gmail.com,female,hilbhq251,2022-01-04,234000094,Argentina,Leanor,Gardie,2608444766,gcornwall0@netscape.com,361538,Gegharkunik Province,6456 Coolidge Court,19 Darwin Place,ooostrfpe18,sPO19218,SensPOKQ23118,GGBTNHQQ1251,GHGTbd29
hilbhq252,hilbhq252,hilbhq252,@gmail.com,hilbhq252@gmail.com,female,hilbhq252,2022-01-05,234000095,Argentina,Leanor,Gardie,2608444766,gcornwall0@netscape.com,361538,Gegharkunik Province,6457 Coolidge Court,20 Darwin Place,ooostrfpe19,sPO19219,SensPOKQ23119,GGBTNHQQ1252,GHGTbd30
hilbhq253,hilbhq253,hilbhq253,@gmail.com,hilbhq253@gmail.com,female,hilbhq253,2022-01-06,234000096,Argentina,Leanor,Gardie,2608444766,gcornwall0@netscape.com,361538,Gegharkunik Province,6458 Coolidge Court,21 Darwin Place,ooostrfpe20,sPO19220,SensPOKQ23120,GGBTNHQQ1253,GHGTbd31
hilbhq254,hilbhq254,hilbhq254,@gmail.com,hilbhq254@gmail.com,female,hilbhq254,2022-01-07,234000097,Argentina,Leanor,Gardie,2608444766,gcornwall0@netscape.com,361538,Gegharkunik Province,6459 Coolidge Court,22 Darwin Place,ooostrfpe21,sPO19221,SensPOKQ23121,GGBTNHQQ1254,GHGTbd32
hilbhq255,hilbhq255,hilbhq255,@gmail.com,hilbhq255@gmail.com,female,hilbhq255,2022-01-08,234000098,Argentina,Leanor,Gardie,2608444766,gcornwall0@netscape.com,361538,Gegharkunik Province,6460 Coolidge Court,23 Darwin Place,ooostrfpe22,sPO19222,SensPOKQ23122,GGBTNHQQ1255,GHGTbd33
hilbhq256,hilbhq256,hilbhq256,@gmail.com,hilbhq256@gmail.com,female,hilbhq256,2022-01-09,234000099,Argentina,Leanor,Gardie,2608444766,gcornwall0@netscape.com,361538,Gegharkunik Province,6461 Coolidge Court,24 Darwin Place,ooostrfpe23,sPO19223,SensPOKQ23123,GGBTNHQQ1256,GHGTbd34
hilbhq257,hilbhq257,hilbhq257,@gmail.com,hilbhq257@gmail.com,female,hilbhq257,2022-01-10,234000100,Argentina,Leanor,Gardie,2608444766,gcornwall0@netscape.com,361538,Gegharkunik Province,6462 Coolidge Court,25 Darwin Place,ooostrfpe24,sPO19224,SensPOKQ23124,GGBTNHQQ1257,GHGTbd35
hilbhq258,hilbhq258,hilbhq258,@gmail.com,hilbhq258@gmail.com,female,hilbhq258,2022-01-11,234000101,Argentina,Leanor,Gardie,2608444766,gcornwall0@netscape.com,361538,Gegharkunik Province,6463 Coolidge Court,26 Darwin Place,ooostrfpe25,sPO19225,SensPOKQ23125,GGBTNHQQ1258,GHGTbd36
hilbhq259,hilbhq259,hilbhq259,@gmail.com,hilbhq259@gmail.com,female,hilbhq259,2022-01-12,234000102,Argentina,Leanor,Gardie,2608444766,gcornwall0@netscape.com,361538,Gegharkunik Province,6464 Coolidge Court,27 Darwin Place,ooostrfpe26,sPO19226,SensPOKQ23126,GGBTNHQQ1259,GHGTbd37
hilbhq260,hilbhq260,hilbhq260,@gmail.com,hilbhq260@gmail.com,female,hilbhq260,2022-01-13,234000103,Argentina,Leanor,Gardie,2608444766,gcornwall0@netscape.com,361538,Gegharkunik Province,6465 Coolidge Court,28 Darwin Place,ooostrfpe27,sPO19227,SensPOKQ23127,GGBTNHQQ1260,GHGTbd38
hilbhq261,hilbhq261,hilbhq261,@gmail.com,hilbhq261@gmail.com,female,hilbhq261,2022-01-14,234000104,Argentina,Leanor,Gardie,2608444766,gcornwall0@netscape.com,361538,Gegharkunik Province,6466 Coolidge Court,29 Darwin Place,ooostrfpe28,sPO19228,SensPOKQ23128,GGBTNHQQ1261,GHGTbd39
hilbhq262,hilbhq262,hilbhq262,@gmail.com,hilbhq262@gmail.com,female,hilbhq262,2022-01-15,234000105,Argentina,Leanor,Gardie,2608444766,gcornwall0@netscape.com,361538,Gegharkunik Province,6467 Coolidge Court,30 Darwin Place,ooostrfpe29,sPO19229,SensPOKQ23129,GGBTNHQQ1262,GHGTbd40
hilbhq263,hilbhq263,hilbhq263,@gmail.com,hilbhq263@gmail.com,female,hilbhq263,2022-01-16,234000106,Argentina,Leanor,Gardie,2608444766,gcornwall0@netscape.com,361538,Gegharkunik Province,6468 Coolidge Court,31 Darwin Place,ooostrfpe30,sPO19230,SensPOKQ23130,GGBTNHQQ1263,GHGTbd41
hilbhq264,hilbhq264,hilbhq264,@gmail.com,hilbhq264@gmail.com,female,hilbhq264,2022-01-17,234000107,Argentina,Leanor,Gardie,2608444766,gcornwall0@netscape.com,361538,Gegharkunik Province,6469 Coolidge Court,32 Darwin Place,ooostrfpe31,sPO19231,SensPOKQ23131,GGBTNHQQ1264,GHGTbd42
hilbhq265,hilbhq265,hilbhq265,@gmail.com,hilbhq265@gmail.com,female,hilbhq265,2022-01-18,234000108,Argentina,Leanor,Gardie,2608444766,gcornwall0@netscape.com,361538,Gegharkunik Province,6470 Coolidge Court,33 Darwin Place,ooostrfpe32,sPO19232,SensPOKQ23132,GGBTNHQQ1265,GHGTbd43
hilbhq266,hilbhq266,hilbhq266,@gmail.com,hilbhq266@gmail.com,female,hilbhq266,2022-01-19,234000109,Argentina,Leanor,Gardie,2608444766,gcornwall0@netscape.com,361538,Gegharkunik Province,6471 Coolidge Court,34 Darwin Place,ooostrfpe33,sPO19233,SensPOKQ23133,GGBTNHQQ1266,GHGTbd44
hilbhq267,hilbhq267,hilbhq267,@gmail.com,hilbhq267@gmail.com,female,hilbhq267,2022-01-20,234000110,Argentina,Leanor,Gardie,2608444766,gcornwall0@netscape.com,361538,Gegharkunik Province,6472 Coolidge Court,35 Darwin Place,ooostrfpe34,sPO19234,SensPOKQ23134,GGBTNHQQ1267,GHGTbd45
hilbhq268,hilbhq268,hilbhq268,@gmail.com,hilbhq268@gmail.com,female,hilbhq268,2022-01-21,234000111,Argentina,Leanor,Gardie,2608444766,gcornwall0@netscape.com,361538,Gegharkunik Province,6473 Coolidge Court,36 Darwin Place,ooostrfpe35,sPO19235,SensPOKQ23135,GGBTNHQQ1268,GHGTbd46
hilbhq269,hilbhq269,hilbhq269,@gmail.com,hilbhq269@gmail.com,female,hilbhq269,2022-01-22,234000112,Argentina,Leanor,Gardie,2608444766,gcornwall0@netscape.com,361538,Gegharkunik Province,6474 Coolidge Court,37 Darwin Place,ooostrfpe36,sPO19236,SensPOKQ23136,GGBTNHQQ1269,GHGTbd47
hilbhq270,hilbhq270,hilbhq270,@gmail.com,hilbhq270@gmail.com,female,hilbhq270,2022-01-23,234000113,Argentina,Leanor,Gardie,2608444766,gcornwall0@netscape.com,361538,Gegharkunik Province,6475 Coolidge Court,38 Darwin Place,ooostrfpe37,sPO19237,SensPOKQ23137,GGBTNHQQ1270,GHGTbd48
hilbhq271,hilbhq271,hilbhq271,@gmail.com,hilbhq271@gmail.com,female,hilbhq271,2022-01-24,234000114,Argentina,Leanor,Gardie,2608444766,gcornwall0@netscape.com,361538,Gegharkunik Province,6476 Coolidge Court,39 Darwin Place,ooostrfpe38,sPO19238,SensPOKQ23138,GGBTNHQQ1271,GHGTbd49
hilbhq272,hilbhq272,hilbhq272,@gmail.com,hilbhq272@gmail.com,female,hilbhq272,2022-01-25,234000115,Argentina,Leanor,Gardie,2608444766,gcornwall0@netscape.com,361538,Gegharkunik Province,6477 Coolidge Court,40 Darwin Place,ooostrfpe39,sPO19239,SensPOKQ23139,GGBTNHQQ1272,GHGTbd50
hilbhq273,hilbhq273,hilbhq273,@gmail.com,hilbhq273@gmail.com,female,hilbhq273,2022-01-26,234000116,Argentina,Leanor,Gardie,2608444766,gcornwall0@netscape.com,361538,Gegharkunik Province,6478 Coolidge Court,41 Darwin Place,ooostrfpe40,sPO19240,SensPOKQ23140,GGBTNHQQ1273,GHGTbd51
hilbhq274,hilbhq274,hilbhq274,@gmail.com,hilbhq274@gmail.com,female,hilbhq274,2022-01-27,234000117,Argentina,Leanor,Gardie,2608444766,gcornwall0@netscape.com,361538,Gegharkunik Province,6479 Coolidge Court,42 Darwin Place,ooostrfpe41,sPO19241,SensPOKQ23141,GGBTNHQQ1274,GHGTbd52
hilbhq275,hilbhq275,hilbhq275,@gmail.com,hilbhq275@gmail.com,female,hilbhq275,2022-01-28,234000118,Argentina,Leanor,Gardie,2608444766,gcornwall0@netscape.com,361538,Gegharkunik Province,6480 Coolidge Court,43 Darwin Place,ooostrfpe42,sPO19242,SensPOKQ23142,GGBTNHQQ1275,GHGTbd53
hilbhq276,hilbhq276,hilbhq276,@gmail.com,hilbhq276@gmail.com,female,hilbhq276,2022-01-29,234000119,Argentina,Leanor,Gardie,2608444766,gcornwall0@netscape.com,361538,Gegharkunik Province,6481 Coolidge Court,44 Darwin Place,ooostrfpe43,sPO19243,SensPOKQ23143,GGBTNHQQ1276,GHGTbd54
hilbhq277,hilbhq277,hilbhq277,@gmail.com,hilbhq277@gmail.com,female,hilbhq277,2022-01-30,234000120,Argentina,Leanor,Gardie,2608444766,gcornwall0@netscape.com,361538,Gegharkunik Province,6482 Coolidge Court,45 Darwin Place,ooostrfpe44,sPO19244,SensPOKQ23144,GGBTNHQQ1277,GHGTbd55
hilbhq278,hilbhq278,hilbhq278,@gmail.com,hilbhq278@gmail.com,female,hilbhq278,2022-01-31,234000121,Argentina,Leanor,Gardie,2608444766,gcornwall0@netscape.com,361538,Gegharkunik Province,6483 Coolidge Court,46 Darwin Place,ooostrfpe45,sPO19245,SensPOKQ23145,GGBTNHQQ1278,GHGTbd56
hilbhq279,hilbhq279,hilbhq279,@gmail.com,hilbhq279@gmail.com,female,hilbhq279,2022-02-01,234000122,Argentina,Leanor,Gardie,2608444766,gcornwall0@netscape.com,361538,Gegharkunik Province,6484 Coolidge Court,47 Darwin Place,ooostrfpe46,sPO19246,SensPOKQ23146,GGBTNHQQ1279,GHGTbd57
hilbhq280,hilbhq280,hilbhq280,@gmail.com,hilbhq280@gmail.com,female,hilbhq280,2022-02-02,234000123,Argentina,Leanor,Gardie,2608444766,gcornwall0@netscape.com,361538,Gegharkunik Province,6485 Coolidge Court,48 Darwin Place,ooostrfpe47,sPO19247,SensPOKQ23147,GGBTNHQQ1280,GHGTbd58
hilbhq281,hilbhq281,hilbhq281,@gmail.com,hilbhq281@gmail.com,female,hilbhq281,2022-02-03,234000124,Argentina,Leanor,Gardie,2608444766,gcornwall0@netscape.com,361538,Gegharkunik Province,6486 Coolidge Court,49 Darwin Place,ooostrfpe48,sPO19248,SensPOKQ23148,GGBTNHQQ1281,GHGTbd59
hilbhq282,hilbhq282,hilbhq282,@gmail.com,hilbhq282@gmail.com,female,hilbhq282,2022-02-04,234000125,Argentina,Leanor,Gardie,2608444766,gcornwall0@netscape.com,361538,Gegharkunik Province,6487 Coolidge Court,50 Darwin Place,ooostrfpe49,sPO19249,SensPOKQ23149,GGBTNHQQ1282,GHGTbd60
hilbhq283,hilbhq283,hilbhq283,@gmail.com,hilbhq283@gmail.com,female,hilbhq283,2022-02-05,234000126,Argentina,Leanor,Gardie,2608444766,gcornwall0@netscape.com,361538,Gegharkunik Province,6488 Coolidge Court,51 Darwin Place,ooostrfpe50,sPO19250,SensPOKQ23150,GGBTNHQQ1283,GHGTbd61
hilbhq284,hilbhq284,hilbhq284,@gmail.com,hilbhq284@gmail.com,female,hilbhq284,2022-02-06,234000127,Argentina,Leanor,Gardie,2608444766,gcornwall0@netscape.com,361538,Gegharkunik Province,6489 Coolidge Court,52 Darwin Place,ooostrfpe51,sPO19251,SensPOKQ23151,GGBTNHQQ1284,GHGTbd62
hilbhq285,hilbhq285,hilbhq285,@gmail.com,hilbhq285@gmail.com,female,hilbhq285,2022-02-07,234000128,Argentina,Leanor,Gardie,2608444766,gcornwall0@netscape.com,361538,Gegharkunik Province,6490 Coolidge Court,53 Darwin Place,ooostrfpe52,sPO19252,SensPOKQ23152,GGBTNHQQ1285,GHGTbd63
hilbhq286,hilbhq286,hilbhq286,@gmail.com,hilbhq286@gmail.com,female,hilbhq286,2022-02-08,234000129,Argentina,Leanor,Gardie,2608444766,gcornwall0@netscape.com,361538,Gegharkunik Province,6491 Coolidge Court,54 Darwin Place,ooostrfpe53,sPO19253,SensPOKQ23153,GGBTNHQQ1286,GHGTbd64
hilbhq287,hilbhq287,hilbhq287,@gmail.com,hilbhq287@gmail.com,female,hilbhq287,2022-02-09,234000130,Argentina,Leanor,Gardie,2608444766,gcornwall0@netscape.com,361538,Gegharkunik Province,6492 Coolidge Court,55 Darwin Place,ooostrfpe54,sPO19254,SensPOKQ23154,GGBTNHQQ1287,GHGTbd65
hilbhq288,hilbhq288,hilbhq288,@gmail.com,hilbhq288@gmail.com,female,hilbhq288,2022-02-10,234000131,Argentina,Leanor,Gardie,2608444766,gcornwall0@netscape.com,361538,Gegharkunik Province,6493 Coolidge Court,56 Darwin Place,ooostrfpe55,sPO19255,SensPOKQ23155,GGBTNHQQ1288,GHGTbd66
hilbhq289,hilbhq289,hilbhq289,@gmail.com,hilbhq289@gmail.com,female,hilbhq289,2022-02-11,234000132,Argentina,Leanor,Gardie,2608444766,gcornwall0@netscape.com,361538,Gegharkunik Province,6494 Coolidge Court,57 Darwin Place,ooostrfpe56,sPO19256,SensPOKQ23156,GGBTNHQQ1289,GHGTbd67
hilbhq290,hilbhq290,hilbhq290,@gmail.com,hilbhq290@gmail.com,female,hilbhq290,2022-02-12,234000133,Argentina,Leanor,Gardie,2608444766,gcornwall0@netscape.com,361538,Gegharkunik Province,6495 Coolidge Court,58 Darwin Place,ooostrfpe57,sPO19257,SensPOKQ23157,GGBTNHQQ1290,GHGTbd68
hilbhq291,hilbhq291,hilbhq291,@gmail.com,hilbhq291@gmail.com,female,hilbhq291,2022-02-13,234000134,Argentina,Leanor,Gardie,2608444766,gcornwall0@netscape.com,361538,Gegharkunik Province,6496 Coolidge Court,59 Darwin Place,ooostrfpe58,sPO19258,SensPOKQ23158,GGBTNHQQ1291,GHGTbd69
hilbhq292,hilbhq292,hilbhq292,@gmail.com,hilbhq292@gmail.com,female,hilbhq292,2022-02-14,234000135,Argentina,Leanor,Gardie,2608444766,gcornwall0@netscape.com,361538,Gegharkunik Province,6497 Coolidge Court,60 Darwin Place,ooostrfpe59,sPO19259,SensPOKQ23159,GGBTNHQQ1292,GHGTbd70
hilbhq293,hilbhq293,hilbhq293,@gmail.com,hilbhq293@gmail.com,female,hilbhq293,2022-02-15,234000136,Argentina,Leanor,Gardie,2608444766,gcornwall0@netscape.com,361538,Gegharkunik Province,6498 Coolidge Court,61 Darwin Place,ooostrfpe60,sPO19260,SensPOKQ23160,GGBTNHQQ1293,GHGTbd71
hilbhq294,hilbhq294,hilbhq294,@gmail.com,hilbhq294@gmail.com,female,hilbhq294,2022-02-16,234000137,Argentina,Leanor,Gardie,2608444766,gcornwall0@netscape.com,361538,Gegharkunik Province,6499 Coolidge Court,62 Darwin Place,ooostrfpe61,sPO19261,SensPOKQ23161,GGBTNHQQ1294,GHGTbd72
hilbhq295,hilbhq295,hilbhq295,@gmail.com,hilbhq295@gmail.com,female,hilbhq295,2022-02-17,234000138,Argentina,Leanor,Gardie,2608444766,gcornwall0@netscape.com,361538,Gegharkunik Province,6500 Coolidge Court,63 Darwin Place,ooostrfpe62,sPO19262,SensPOKQ23162,GGBTNHQQ1295,GHGTbd73
hilbhq296,hilbhq296,hilbhq296,@gmail.com,hilbhq296@gmail.com,female,hilbhq296,2022-02-18,234000139,Argentina,Leanor,Gardie,2608444766,gcornwall0@netscape.com,361538,Gegharkunik Province,6501 Coolidge Court,64 Darwin Place,ooostrfpe63,sPO19263,SensPOKQ23163,GGBTNHQQ1296,GHGTbd74
hilbhq297,hilbhq297,hilbhq297,@gmail.com,hilbhq297@gmail.com,female,hilbhq297,2022-02-19,234000140,Argentina,Leanor,Gardie,2608444766,gcornwall0@netscape.com,361538,Gegharkunik Province,6502 Coolidge Court,65 Darwin Place,ooostrfpe64,sPO19264,SensPOKQ23164,GGBTNHQQ1297,GHGTbd75
hilbhq298,hilbhq298,hilbhq298,@gmail.com,hilbhq298@gmail.com,female,hilbhq298,2022-02-20,234000141,Argentina,Leanor,Gardie,2608444766,gcornwall0@netscape.com,361538,Gegharkunik Province,6503 Coolidge Court,66 Darwin Place,ooostrfpe65,sPO19265,SensPOKQ23165,GGBTNHQQ1298,GHGTbd76
hilbhq299,hilbhq299,hilbhq299,@gmail.com,hilbhq299@gmail.com,female,hilbhq299,2022-02-21,234000142,Argentina,Leanor,Gardie,2608444766,gcornwall0@netscape.com,361538,Gegharkunik Province,6504 Coolidge Court,67 Darwin Place,ooostrfpe66,sPO19266,SensPOKQ23166,GGBTNHQQ1299,GHGTbd77
hilbhq300,hilbhq300,hilbhq300,@gmail.com,hilbhq300@gmail.com,female,hilbhq300,2022-02-22,234000143,Argentina,Leanor,Gardie,2608444766,gcornwall0@netscape.com,361538,Gegharkunik Province,6505 Coolidge Court,68 Darwin Place,ooostrfpe67,sPO19267,SensPOKQ23167,GGBTNHQQ1300,GHGTbd78
hilbhq301,hilbhq301,hilbhq301,@gmail.com,hilbhq301@gmail.com,female,hilbhq301,2022-02-23,234000144,Argentina,Leanor,Gardie,2608444766,gcornwall0@netscape.com,361538,Gegharkunik Province,6506 Coolidge Court,69 Darwin Place,ooostrfpe68,sPO19268,SensPOKQ23168,GGBTNHQQ1301,GHGTbd79
hilbhq302,hilbhq302,hilbhq302,@gmail.com,hilbhq302@gmail.com,female,hilbhq302,2022-02-24,234000145,Argentina,Leanor,Gardie,2608444766,gcornwall0@netscape.com,361538,Gegharkunik Province,6507 Coolidge Court,70 Darwin Place,ooostrfpe69,sPO19269,SensPOKQ23169,GGBTNHQQ1302,GHGTbd80
hilbhq303,hilbhq303,hilbhq303,@gmail.com,hilbhq303@gmail.com,female,hilbhq303,2022-02-25,234000146,Argentina,Leanor,Gardie,2608444766,gcornwall0@netscape.com,361538,Gegharkunik Province,6508 Coolidge Court,71 Darwin Place,ooostrfpe70,sPO19270,SensPOKQ23170,GGBTNHQQ1303,GHGTbd81
hilbhq304,hilbhq304,hilbhq304,@gmail.com,hilbhq304@gmail.com,female,hilbhq304,2022-02-26,234000147,Argentina,Leanor,Gardie,2608444766,gcornwall0@netscape.com,361538,Gegharkunik Province,6509 Coolidge Court,72 Darwin Place,ooostrfpe71,sPO19271,SensPOKQ23171,GGBTNHQQ1304,GHGTbd82
hilbhq305,hilbhq305,hilbhq305,@gmail.com,hilbhq305@gmail.com,female,hilbhq305,2022-02-27,234000148,Argentina,Leanor,Gardie,2608444766,gcornwall0@netscape.com,361538,Gegharkunik Province,6510 Coolidge Court,73 Darwin Place,ooostrfpe72,sPO19272,SensPOKQ23172,GGBTNHQQ1305,GHGTbd83
hilbhq306,hilbhq306,hilbhq306,@gmail.com,hilbhq306@gmail.com,female,hilbhq306,2022-02-28,234000149,Argentina,Leanor,Gardie,2608444766,gcornwall0@netscape.com,361538,Gegharkunik Province,6511 Coolidge Court,74 Darwin Place,ooostrfpe73,sPO19273,SensPOKQ23173,GGBTNHQQ1306,GHGTbd84
hilbhq307,hilbhq307,hilbhq307,@gmail.com,hilbhq307@gmail.com,female,hilbhq307,2022-03-01,234000150,Argentina,Leanor,Gardie,2608444766,gcornwall0@netscape.com,361538,Gegharkunik Province,6512 Coolidge Court,75 Darwin Place,ooostrfpe74,sPO19274,SensPOKQ23174,GGBTNHQQ1307,GHGTbd85
hilbhq308,hilbhq308,hilbhq308,@gmail.com,hilbhq308@gmail.com,female,hilbhq308,2022-03-02,234000151,Argentina,Leanor,Gardie,2608444766,gcornwall0@netscape.com,361538,Gegharkunik Province,6513 Coolidge Court,76 Darwin Place,ooostrfpe75,sPO19275,SensPOKQ23175,GGBTNHQQ1308,GHGTbd86
hilbhq309,hilbhq309,hilbhq309,@gmail.com,hilbhq309@gmail.com,female,hilbhq309,2022-03-03,234000152,Argentina,Leanor,Gardie,2608444766,gcornwall0@netscape.com,361538,Gegharkunik Province,6514 Coolidge Court,77 Darwin Place,ooostrfpe76,sPO19276,SensPOKQ23176,GGBTNHQQ1309,GHGTbd87
hilbhq310,hilbhq310,hilbhq310,@gmail.com,hilbhq310@gmail.com,female,hilbhq310,2022-03-04,234000153,Argentina,Leanor,Gardie,2608444766,gcornwall0@netscape.com,361538,Gegharkunik Province,6515 Coolidge Court,78 Darwin Place,ooostrfpe77,sPO19277,SensPOKQ23177,GGBTNHQQ1310,GHGTbd88
hilbhq311,hilbhq311,hilbhq311,@gmail.com,hilbhq311@gmail.com,female,hilbhq311,2022-03-05,234000154,Argentina,Leanor,Gardie,2608444766,gcornwall0@netscape.com,361538,Gegharkunik Province,6516 Coolidge Court,79 Darwin Place,ooostrfpe78,sPO19278,SensPOKQ23178,GGBTNHQQ1311,GHGTbd89
hilbhq312,hilbhq312,hilbhq312,@gmail.com,hilbhq312@gmail.com,female,hilbhq312,2022-03-06,234000155,Argentina,Leanor,Gardie,2608444766,gcornwall0@netscape.com,361538,Gegharkunik Province,6517 Coolidge Court,80 Darwin Place,ooostrfpe79,sPO19279,SensPOKQ23179,GGBTNHQQ1312,GHGTbd90
hilbhq313,hilbhq313,hilbhq313,@gmail.com,hilbhq313@gmail.com,female,hilbhq313,2022-03-07,234000156,Argentina,Leanor,Gardie,2608444766,gcornwall0@netscape.com,361538,Gegharkunik Province,6518 Coolidge Court,81 Darwin Place,ooostrfpe80,sPO19280,SensPOKQ23180,GGBTNHQQ1313,GHGTbd91
hilbhq314,hilbhq314,hilbhq314,@gmail.com,hilbhq314@gmail.com,female,hilbhq314,2022-03-08,234000157,Argentina,Leanor,Gardie,2608444766,gcornwall0@netscape.com,361538,Gegharkunik Province,6519 Coolidge Court,82 Darwin Place,ooostrfpe81,sPO19281,SensPOKQ23181,GGBTNHQQ1314,GHGTbd92
hilbhq315,hilbhq315,hilbhq315,@gmail.com,hilbhq315@gmail.com,female,hilbhq315,2022-03-09,234000158,Argentina,Leanor,Gardie,2608444766,gcornwall0@netscape.com,361538,Gegharkunik Province,6520 Coolidge Court,83 Darwin Place,ooostrfpe82,sPO19282,SensPOKQ23182,GGBTNHQQ1315,GHGTbd93
hilbhq316,hilbhq316,hilbhq316,@gmail.com,hilbhq316@gmail.com,female,hilbhq316,2022-03-10,234000159,Argentina,Leanor,Gardie,2608444766,gcornwall0@netscape.com,361538,Gegharkunik Province,6521 Coolidge Court,84 Darwin Place,ooostrfpe83,sPO19283,SensPOKQ23183,GGBTNHQQ1316,GHGTbd94
hilbhq317,hilbhq317,hilbhq317,@gmail.com,hilbhq317@gmail.com,female,hilbhq317,2022-03-11,234000160,Argentina,Leanor,Gardie,2608444766,gcornwall0@netscape.com,361538,Gegharkunik Province,6522 Coolidge Court,85 Darwin Place,ooostrfpe84,sPO19284,SensPOKQ23184,GGBTNHQQ1317,GHGTbd95
hilbhq318,hilbhq318,hilbhq318,@gmail.com,hilbhq318@gmail.com,female,hilbhq318,2022-03-12,234000161,Argentina,Leanor,Gardie,2608444766,gcornwall0@netscape.com,361538,Gegharkunik Province,6523 Coolidge Court,86 Darwin Place,ooostrfpe85,sPO19285,SensPOKQ23185,GGBTNHQQ1318,GHGTbd96
hilbhq319,hilbhq319,hilbhq319,@gmail.com,hilbhq319@gmail.com,female,hilbhq319,2022-03-13,234000162,Argentina,Leanor,Gardie,2608444766,gcornwall0@netscape.com,361538,Gegharkunik Province,6524 Coolidge Court,87 Darwin Place,ooostrfpe86,sPO19286,SensPOKQ23186,GGBTNHQQ1319,GHGTbd97
hilbhq320,hilbhq320,hilbhq320,@gmail.com,hilbhq320@gmail.com,female,hilbhq320,2022-03-14,234000163,Argentina,Leanor,Gardie,2608444766,gcornwall0@netscape.com,361538,Gegharkunik Province,6525 Coolidge Court,88 Darwin Place,ooostrfpe87,sPO19287,SensPOKQ23187,GGBTNHQQ1320,GHGTbd98
hilbhq321,hilbhq321,hilbhq321,@gmail.com,hilbhq321@gmail.com,female,hilbhq321,2022-03-15,234000164,Argentina,Leanor,Gardie,2608444766,gcornwall0@netscape.com,361538,Gegharkunik Province,6526 Coolidge Court,89 Darwin Place,ooostrfpe88,sPO19288,SensPOKQ23188,GGBTNHQQ1321,GHGTbd99
hilbhq322,hilbhq322,hilbhq322,@gmail.com,hilbhq322@gmail.com,female,hilbhq322,2022-03-16,234000165,Argentina,Leanor,Gardie,2608444766,gcornwall0@netscape.com,361538,Gegharkunik Province,6527 Coolidge Court,90 Darwin Place,ooostrfpe89,sPO19289,SensPOKQ23189,GGBTNHQQ1322,GHGTbd100
hilbhq323,hilbhq323,hilbhq323,@gmail.com,hilbhq323@gmail.com,female,hilbhq323,2022-03-17,234000166,Argentina,Leanor,Gardie,2608444766,gcornwall0@netscape.com,361538,Gegharkunik Province,6528 Coolidge Court,91 Darwin Place,ooostrfpe90,sPO19290,SensPOKQ23190,GGBTNHQQ1323,GHGTbd101
hilbhq324,hilbhq324,hilbhq324,@gmail.com,hilbhq324@gmail.com,female,hilbhq324,2022-03-18,234000167,Argentina,Leanor,Gardie,2608444766,gcornwall0@netscape.com,361538,Gegharkunik Province,6529 Coolidge Court,92 Darwin Place,ooostrfpe91,sPO19291,SensPOKQ23191,GGBTNHQQ1324,GHGTbd102
hilbhq325,hilbhq325,hilbhq325,@gmail.com,hilbhq325@gmail.com,female,hilbhq325,2022-03-19,234000168,Argentina,Leanor,Gardie,2608444766,gcornwall0@netscape.com,361538,Gegharkunik Province,6530 Coolidge Court,93 Darwin Place,ooostrfpe92,sPO19292,SensPOKQ23192,GGBTNHQQ1325,GHGTbd103
hilbhq326,hilbhq326,hilbhq326,@gmail.com,hilbhq326@gmail.com,female,hilbhq326,2022-03-20,234000169,Argentina,Leanor,Gardie,2608444766,gcornwall0@netscape.com,361538,Gegharkunik Province,6531 Coolidge Court,94 Darwin Place,ooostrfpe93,sPO19293,SensPOKQ23193,GGBTNHQQ1326,GHGTbd104
hilbhq327,hilbhq327,hilbhq327,@gmail.com,hilbhq327@gmail.com,female,hilbhq327,2022-03-21,234000170,Argentina,Leanor,Gardie,2608444766,gcornwall0@netscape.com,361538,Gegharkunik Province,6532 Coolidge Court,95 Darwin Place,ooostrfpe94,sPO19294,SensPOKQ23194,GGBTNHQQ1327,GHGTbd105
hilbhq328,hilbhq328,hilbhq328,@gmail.com,hilbhq328@gmail.com,female,hilbhq328,2022-03-22,234000171,Argentina,Leanor,Gardie,2608444766,gcornwall0@netscape.com,361538,Gegharkunik Province,6533 Coolidge Court,96 Darwin Place,ooostrfpe95,sPO19295,SensPOKQ23195,GGBTNHQQ1328,GHGTbd106
hilbhq329,hilbhq329,hilbhq329,@gmail.com,hilbhq329@gmail.com,female,hilbhq329,2022-03-23,234000172,Argentina,Leanor,Gardie,2608444766,gcornwall0@netscape.com,361538,Gegharkunik Province,6534 Coolidge Court,97 Darwin Place,ooostrfpe96,sPO19296,SensPOKQ23196,GGBTNHQQ1329,GHGTbd107
hilbhq330,hilbhq330,hilbhq330,@gmail.com,hilbhq330@gmail.com,female,hilbhq330,2022-03-24,234000173,Argentina,Leanor,Gardie,2608444766,gcornwall0@netscape.com,361538,Gegharkunik Province,6535 Coolidge Court,98 Darwin Place,ooostrfpe97,sPO19297,SensPOKQ23197,GGBTNHQQ1330,GHGTbd108
hilbhq331,hilbhq331,hilbhq331,@gmail.com,hilbhq331@gmail.com,female,hilbhq331,2022-03-25,234000174,Argentina,Leanor,Gardie,2608444766,gcornwall0@netscape.com,361538,Gegharkunik Province,6536 Coolidge Court,99 Darwin Place,ooostrfpe98,sPO19298,SensPOKQ23198,GGBTNHQQ1331,GHGTbd109
hilbhq332,hilbhq332,hilbhq332,@gmail.com,hilbhq332@gmail.com,female,hilbhq332,2022-03-26,234000175,Argentina,Leanor,Gardie,2608444766,gcornwall0@netscape.com,361538,Gegharkunik Province,6537 Coolidge Court,100 Darwin Place,ooostrfpe99,sPO19299,SensPOKQ23199,GGBTNHQQ1332,GHGTbd110
hilbhq333,hilbhq333,hilbhq333,@gmail.com,hilbhq333@gmail.com,female,hilbhq333,2022-03-27,234000176,Argentina,Leanor,Gardie,2608444766,gcornwall0@netscape.com,361538,Gegharkunik Province,6538 Coolidge Court,101 Darwin Place,ooostrfpe100,sPO19300,SensPOKQ23200,GGBTNHQQ1333,GHGTbd111
hilbhq334,hilbhq334,hilbhq334,@gmail.com,hilbhq334@gmail.com,female,hilbhq334,2022-03-28,234000177,Argentina,Leanor,Gardie,2608444766,gcornwall0@netscape.com,361538,Gegharkunik Province,6539 Coolidge Court,102 Darwin Place,ooostrfpe101,sPO19301,SensPOKQ23201,GGBTNHQQ1334,GHGTbd112
hilbhq335,hilbhq335,hilbhq335,@gmail.com,hilbhq335@gmail.com,female,hilbhq335,2022-03-29,234000178,Argentina,Leanor,Gardie,2608444766,gcornwall0@netscape.com,361538,Gegharkunik Province,6540 Coolidge Court,103 Darwin Place,ooostrfpe102,sPO19302,SensPOKQ23202,GGBTNHQQ1335,GHGTbd113
hilbhq336,hilbhq336,hilbhq336,@gmail.com,hilbhq336@gmail.com,female,hilbhq336,2022-03-30,234000179,Argentina,Leanor,Gardie,2608444766,gcornwall0@netscape.com,361538,Gegharkunik Province,6541 Coolidge Court,104 Darwin Place,ooostrfpe103,sPO19303,SensPOKQ23203,GGBTNHQQ1336,GHGTbd114
hilbhq337,hilbhq337,hilbhq337,@gmail.com,hilbhq337@gmail.com,female,hilbhq337,2022-03-31,234000180,Argentina,Leanor,Gardie,2608444766,gcornwall0@netscape.com,361538,Gegharkunik Province,6542 Coolidge Court,105 Darwin Place,ooostrfpe104,sPO19304,SensPOKQ23204,GGBTNHQQ1337,GHGTbd115
hilbhq338,hilbhq338,hilbhq338,@gmail.com,hilbhq338@gmail.com,female,hilbhq338,2022-04-01,234000181,Argentina,Leanor,Gardie,2608444766,gcornwall0@netscape.com,361538,Gegharkunik Province,6543 Coolidge Court,106 Darwin Place,ooostrfpe105,sPO19305,SensPOKQ23205,GGBTNHQQ1338,GHGTbd116
hilbhq339,hilbhq339,hilbhq339,@gmail.com,hilbhq339@gmail.com,female,hilbhq339,2022-04-02,234000182,Argentina,Leanor,Gardie,2608444766,gcornwall0@netscape.com,361538,Gegharkunik Province,6544 Coolidge Court,107 Darwin Place,ooostrfpe106,sPO19306,SensPOKQ23206,GGBTNHQQ1339,GHGTbd117
hilbhq340,hilbhq340,hilbhq340,@gmail.com,hilbhq340@gmail.com,female,hilbhq340,2022-04-03,234000183,Argentina,Leanor,Gardie,2608444766,gcornwall0@netscape.com,361538,Gegharkunik Province,6545 Coolidge Court,108 Darwin Place,ooostrfpe107,sPO19307,SensPOKQ23207,GGBTNHQQ1340,GHGTbd118
hilbhq341,hilbhq341,hilbhq341,@gmail.com,hilbhq341@gmail.com,female,hilbhq341,2022-04-04,234000184,Argentina,Leanor,Gardie,2608444766,gcornwall0@netscape.com,361538,Gegharkunik Province,6546 Coolidge Court,109 Darwin Place,ooostrfpe108,sPO19308,SensPOKQ23208,GGBTNHQQ1341,GHGTbd119
hilbhq342,hilbhq342,hilbhq342,@gmail.com,hilbhq342@gmail.com,female,hilbhq342,2022-04-05,234000185,Argentina,Leanor,Gardie,2608444766,gcornwall0@netscape.com,361538,Gegharkunik Province,6547 Coolidge Court,110 Darwin Place,ooostrfpe109,sPO19309,SensPOKQ23209,GGBTNHQQ1342,GHGTbd120
hilbhq343,hilbhq343,hilbhq343,@gmail.com,hilbhq343@gmail.com,female,hilbhq343,2022-04-06,234000186,Argentina,Leanor,Gardie,2608444766,gcornwall0@netscape.com,361538,Gegharkunik Province,6548 Coolidge Court,111 Darwin Place,ooostrfpe110,sPO19310,SensPOKQ23210,GGBTNHQQ1343,GHGTbd121
hilbhq344,hilbhq344,hilbhq344,@gmail.com,hilbhq344@gmail.com,female,hilbhq344,2022-04-07,234000187,Argentina,Leanor,Gardie,2608444766,gcornwall0@netscape.com,361538,Gegharkunik Province,6549 Coolidge Court,112 Darwin Place,ooostrfpe111,sPO19311,SensPOKQ23211,GGBTNHQQ1344,GHGTbd122
hilbhq345,hilbhq345,hilbhq345,@gmail.com,hilbhq345@gmail.com,female,hilbhq345,2022-04-08,234000188,Argentina,Leanor,Gardie,2608444766,gcornwall0@netscape.com,361538,Gegharkunik Province,6550 Coolidge Court,113 Darwin Place,ooostrfpe112,sPO19312,SensPOKQ23212,GGBTNHQQ1345,GHGTbd123
hilbhq346,hilbhq346,hilbhq346,@gmail.com,hilbhq346@gmail.com,female,hilbhq346,2022-04-09,234000189,Argentina,Leanor,Gardie,2608444766,gcornwall0@netscape.com,361538,Gegharkunik Province,6551 Coolidge Court,114 Darwin Place,ooostrfpe113,sPO19313,SensPOKQ23213,GGBTNHQQ1346,GHGTbd124
hilbhq347,hilbhq347,hilbhq347,@gmail.com,hilbhq347@gmail.com,female,hilbhq347,2022-04-10,234000190,Argentina,Leanor,Gardie,2608444766,gcornwall0@netscape.com,361538,Gegharkunik Province,6552 Coolidge Court,115 Darwin Place,ooostrfpe114,sPO19314,SensPOKQ23214,GGBTNHQQ1347,GHGTbd125
hilbhq348,hilbhq348,hilbhq348,@gmail.com,hilbhq348@gmail.com,female,hilbhq348,2022-04-11,234000191,Argentina,Leanor,Gardie,2608444766,gcornwall0@netscape.com,361538,Gegharkunik Province,6553 Coolidge Court,116 Darwin Place,ooostrfpe115,sPO19315,SensPOKQ23215,GGBTNHQQ1348,GHGTbd126
hilbhq349,hilbhq349,hilbhq349,@gmail.com,hilbhq349@gmail.com,female,hilbhq349,2022-04-12,234000192,Argentina,Leanor,Gardie,2608444766,gcornwall0@netscape.com,361538,Gegharkunik Province,6554 Coolidge Court,117 Darwin Place,ooostrfpe116,sPO19316,SensPOKQ23216,GGBTNHQQ1349,GHGTbd127
hilbhq350,hilbhq350,hilbhq350,@gmail.com,hilbhq350@gmail.com,female,hilbhq350,2022-04-13,234000193,Argentina,Leanor,Gardie,2608444766,gcornwall0@netscape.com,361538,Gegharkunik Province,6555 Coolidge Court,118 Darwin Place,ooostrfpe117,sPO19317,SensPOKQ23217,GGBTNHQQ1350,GHGTbd128
hilbhq351,hilbhq351,hilbhq351,@gmail.com,hilbhq351@gmail.com,female,hilbhq351,2022-04-14,234000194,Argentina,Leanor,Gardie,2608444766,gcornwall0@netscape.com,361538,Gegharkunik Province,6556 Coolidge Court,119 Darwin Place,ooostrfpe118,sPO19318,SensPOKQ23218,GGBTNHQQ1351,GHGTbd129
hilbhq352,hilbhq352,hilbhq352,@gmail.com,hilbhq352@gmail.com,female,hilbhq352,2022-04-15,234000195,Argentina,Leanor,Gardie,2608444766,gcornwall0@netscape.com,361538,Gegharkunik Province,6557 Coolidge Court,120 Darwin Place,ooostrfpe119,sPO19319,SensPOKQ23219,GGBTNHQQ1352,GHGTbd130
hilbhq353,hilbhq353,hilbhq353,@gmail.com,hilbhq353@gmail.com,female,hilbhq353,2022-04-16,234000196,Argentina,Leanor,Gardie,2608444766,gcornwall0@netscape.com,361538,Gegharkunik Province,6558 Coolidge Court,121 Darwin Place,ooostrfpe120,sPO19320,SensPOKQ23220,GGBTNHQQ1353,GHGTbd131
hilbhq354,hilbhq354,hilbhq354,@gmail.com,hilbhq354@gmail.com,female,hilbhq354,2022-04-17,234000197,Argentina,Leanor,Gardie,2608444766,gcornwall0@netscape.com,361538,Gegharkunik Province,6559 Coolidge Court,122 Darwin Place,ooostrfpe121,sPO19321,SensPOKQ23221,GGBTNHQQ1354,GHGTbd132
hilbhq355,hilbhq355,hilbhq355,@gmail.com,hilbhq355@gmail.com,female,hilbhq355,2022-04-18,234000198,Argentina,Leanor,Gardie,2608444766,gcornwall0@netscape.com,361538,Gegharkunik Province,6560 Coolidge Court,123 Darwin Place,ooostrfpe122,sPO19322,SensPOKQ23222,GGBTNHQQ1355,GHGTbd133
hilbhq356,hilbhq356,hilbhq356,@gmail.com,hilbhq356@gmail.com,female,hilbhq356,2022-04-19,234000199,Argentina,Leanor,Gardie,2608444766,gcornwall0@netscape.com,361538,Gegharkunik Province,6561 Coolidge Court,124 Darwin Place,ooostrfpe123,sPO19323,SensPOKQ23223,GGBTNHQQ1356,GHGTbd134
hilbhq357,hilbhq357,hilbhq357,@gmail.com,hilbhq357@gmail.com,female,hilbhq357,2022-04-20,234000200,Argentina,Leanor,Gardie,2608444766,gcornwall0@netscape.com,361538,Gegharkunik Province,6562 Coolidge Court,125 Darwin Place,ooostrfpe124,sPO19324,SensPOKQ23224,GGBTNHQQ1357,GHGTbd135
hilbhq358,hilbhq358,hilbhq358,@gmail.com,hilbhq358@gmail.com,female,hilbhq358,2022-04-21,234000201,Argentina,Leanor,Gardie,2608444766,gcornwall0@netscape.com,361538,Gegharkunik Province,6563 Coolidge Court,126 Darwin Place,ooostrfpe125,sPO19325,SensPOKQ23225,GGBTNHQQ1358,GHGTbd136
hilbhq359,hilbhq359,hilbhq359,@gmail.com,hilbhq359@gmail.com,female,hilbhq359,2022-04-22,234000202,Argentina,Leanor,Gardie,2608444766,gcornwall0@netscape.com,361538,Gegharkunik Province,6564 Coolidge Court,127 Darwin Place,ooostrfpe126,sPO19326,SensPOKQ23226,GGBTNHQQ1359,GHGTbd137
hilbhq360,hilbhq360,hilbhq360,@gmail.com,hilbhq360@gmail.com,female,hilbhq360,2022-04-23,234000203,Argentina,Leanor,Gardie,2608444766,gcornwall0@netscape.com,361538,Gegharkunik Province,6565 Coolidge Court,128 Darwin Place,ooostrfpe127,sPO19327,SensPOKQ23227,GGBTNHQQ1360,GHGTbd138
hilbhq361,hilbhq361,hilbhq361,@gmail.com,hilbhq361@gmail.com,female,hilbhq361,2022-04-24,234000204,Argentina,Leanor,Gardie,2608444766,gcornwall0@netscape.com,361538,Gegharkunik Province,6566 Coolidge Court,129 Darwin Place,ooostrfpe128,sPO19328,SensPOKQ23228,GGBTNHQQ1361,GHGTbd139
hilbhq362,hilbhq362,hilbhq362,@gmail.com,hilbhq362@gmail.com,female,hilbhq362,2022-04-25,234000205,Argentina,Leanor,Gardie,2608444766,gcornwall0@netscape.com,361538,Gegharkunik Province,6567 Coolidge Court,130 Darwin Place,ooostrfpe129,sPO19329,SensPOKQ23229,GGBTNHQQ1362,GHGTbd140
hilbhq363,hilbhq363,hilbhq363,@gmail.com,hilbhq363@gmail.com,female,hilbhq363,2022-04-26,234000206,Argentina,Leanor,Gardie,2608444766,gcornwall0@netscape.com,361538,Gegharkunik Province,6568 Coolidge Court,131 Darwin Place,ooostrfpe130,sPO19330,SensPOKQ23230,GGBTNHQQ1363,GHGTbd141
hilbhq364,hilbhq364,hilbhq364,@gmail.com,hilbhq364@gmail.com,female,hilbhq364,2022-04-27,234000207,Argentina,Leanor,Gardie,2608444766,gcornwall0@netscape.com,361538,Gegharkunik Province,6569 Coolidge Court,132 Darwin Place,ooostrfpe131,sPO19331,SensPOKQ23231,GGBTNHQQ1364,GHGTbd142
hilbhq365,hilbhq365,hilbhq365,@gmail.com,hilbhq365@gmail.com,female,hilbhq365,2022-04-28,234000208,Argentina,Leanor,Gardie,2608444766,gcornwall0@netscape.com,361538,Gegharkunik Province,6570 Coolidge Court,133 Darwin Place,ooostrfpe132,sPO19332,SensPOKQ23232,GGBTNHQQ1365,GHGTbd143
hilbhq366,hilbhq366,hilbhq366,@gmail.com,hilbhq366@gmail.com,female,hilbhq366,2022-04-29,234000209,Argentina,Leanor,Gardie,2608444766,gcornwall0@netscape.com,361538,Gegharkunik Province,6571 Coolidge Court,134 Darwin Place,ooostrfpe133,sPO19333,SensPOKQ23233,GGBTNHQQ1366,GHGTbd144
hilbhq367,hilbhq367,hilbhq367,@gmail.com,hilbhq367@gmail.com,female,hilbhq367,2022-04-30,234000210,Argentina,Leanor,Gardie,2608444766,gcornwall0@netscape.com,361538,Gegharkunik Province,6572 Coolidge Court,135 Darwin Place,ooostrfpe134,sPO19334,SensPOKQ23234,GGBTNHQQ1367,GHGTbd145
hilbhq368,hilbhq368,hilbhq368,@gmail.com,hilbhq368@gmail.com,female,hilbhq368,2022-05-01,234000211,Argentina,Leanor,Gardie,2608444766,gcornwall0@netscape.com,361538,Gegharkunik Province,6573 Coolidge Court,136 Darwin Place,ooostrfpe135,sPO19335,SensPOKQ23235,GGBTNHQQ1368,GHGTbd146
hilbhq369,hilbhq369,hilbhq369,@gmail.com,hilbhq369@gmail.com,female,hilbhq369,2022-05-02,234000212,Argentina,Leanor,Gardie,2608444766,gcornwall0@netscape.com,361538,Gegharkunik Province,6574 Coolidge Court,137 Darwin Place,ooostrfpe136,sPO19336,SensPOKQ23236,GGBTNHQQ1369,GHGTbd147
hilbhq370,hilbhq370,hilbhq370,@gmail.com,hilbhq370@gmail.com,female,hilbhq370,2022-05-03,234000213,Argentina,Leanor,Gardie,2608444766,gcornwall0@netscape.com,361538,Gegharkunik Province,6575 Coolidge Court,138 Darwin Place,ooostrfpe137,sPO19337,SensPOKQ23237,GGBTNHQQ1370,GHGTbd148
hilbhq371,hilbhq371,hilbhq371,@gmail.com,hilbhq371@gmail.com,female,hilbhq371,2022-05-04,234000214,Argentina,Leanor,Gardie,2608444766,gcornwall0@netscape.com,361538,Gegharkunik Province,6576 Coolidge Court,139 Darwin Place,ooostrfpe138,sPO19338,SensPOKQ23238,GGBTNHQQ1371,GHGTbd149
hilbhq372,hilbhq372,hilbhq372,@gmail.com,hilbhq372@gmail.com,female,hilbhq372,2022-05-05,234000215,Argentina,Leanor,Gardie,2608444766,gcornwall0@netscape.com,361538,Gegharkunik Province,6577 Coolidge Court,140 Darwin Place,ooostrfpe139,sPO19339,SensPOKQ23239,GGBTNHQQ1372,GHGTbd150
hilbhq373,hilbhq373,hilbhq373,@gmail.com,hilbhq373@gmail.com,female,hilbhq373,2022-05-06,234000216,Argentina,Leanor,Gardie,2608444766,gcornwall0@netscape.com,361538,Gegharkunik Province,6578 Coolidge Court,141 Darwin Place,ooostrfpe140,sPO19340,SensPOKQ23240,GGBTNHQQ1373,GHGTbd151
hilbhq374,hilbhq374,hilbhq374,@gmail.com,hilbhq374@gmail.com,female,hilbhq374,2022-05-07,234000217,Argentina,Leanor,Gardie,2608444766,gcornwall0@netscape.com,361538,Gegharkunik Province,6579 Coolidge Court,142 Darwin Place,ooostrfpe141,sPO19341,SensPOKQ23241,GGBTNHQQ1374,GHGTbd152
hilbhq375,hilbhq375,hilbhq375,@gmail.com,hilbhq375@gmail.com,female,hilbhq375,2022-05-08,234000218,Argentina,Leanor,Gardie,2608444766,gcornwall0@netscape.com,361538,Gegharkunik Province,6580 Coolidge Court,143 Darwin Place,ooostrfpe142,sPO19342,SensPOKQ23242,GGBTNHQQ1375,GHGTbd153
hilbhq376,hilbhq376,hilbhq376,@gmail.com,hilbhq376@gmail.com,female,hilbhq376,2022-05-09,234000219,Argentina,Leanor,Gardie,2608444766,gcornwall0@netscape.com,361538,Gegharkunik Province,6581 Coolidge Court,144 Darwin Place,ooostrfpe143,sPO19343,SensPOKQ23243,GGBTNHQQ1376,GHGTbd154
hilbhq377,hilbhq377,hilbhq377,@gmail.com,hilbhq377@gmail.com,female,hilbhq377,2022-05-10,234000220,Argentina,Leanor,Gardie,2608444766,gcornwall0@netscape.com,361538,Gegharkunik Province,6582 Coolidge Court,145 Darwin Place,ooostrfpe144,sPO19344,SensPOKQ23244,GGBTNHQQ1377,GHGTbd155
hilbhq378,hilbhq378,hilbhq378,@gmail.com,hilbhq378@gmail.com,female,hilbhq378,2022-05-11,234000221,Argentina,Leanor,Gardie,2608444766,gcornwall0@netscape.com,361538,Gegharkunik Province,6583 Coolidge Court,146 Darwin Place,ooostrfpe145,sPO19345,SensPOKQ23245,GGBTNHQQ1378,GHGTbd156
hilbhq379,hilbhq379,hilbhq379,@gmail.com,hilbhq379@gmail.com,female,hilbhq379,2022-05-12,234000222,Argentina,Leanor,Gardie,2608444766,gcornwall0@netscape.com,361538,Gegharkunik Province,6584 Coolidge Court,147 Darwin Place,ooostrfpe146,sPO19346,SensPOKQ23246,GGBTNHQQ1379,GHGTbd157
hilbhq380,hilbhq380,hilbhq380,@gmail.com,hilbhq380@gmail.com,female,hilbhq380,2022-05-13,234000223,Argentina,Leanor,Gardie,2608444766,gcornwall0@netscape.com,361538,Gegharkunik Province,6585 Coolidge Court,148 Darwin Place,ooostrfpe147,sPO19347,SensPOKQ23247,GGBTNHQQ1380,GHGTbd158
hilbhq381,hilbhq381,hilbhq381,@gmail.com,hilbhq381@gmail.com,female,hilbhq381,2022-05-14,234000224,Argentina,Leanor,Gardie,2608444766,gcornwall0@netscape.com,361538,Gegharkunik Province,6586 Coolidge Court,149 Darwin Place,ooostrfpe148,sPO19348,SensPOKQ23248,GGBTNHQQ1381,GHGTbd159
hilbhq382,hilbhq382,hilbhq382,@gmail.com,hilbhq382@gmail.com,female,hilbhq382,2022-05-15,234000225,Argentina,Leanor,Gardie,2608444766,gcornwall0@netscape.com,361538,Gegharkunik Province,6587 Coolidge Court,150 Darwin Place,ooostrfpe149,sPO19349,SensPOKQ23249,GGBTNHQQ1382,GHGTbd160
hilbhq383,hilbhq383,hilbhq383,@gmail.com,hilbhq383@gmail.com,female,hilbhq383,2022-05-16,234000226,Argentina,Leanor,Gardie,2608444766,gcornwall0@netscape.com,361538,Gegharkunik Province,6588 Coolidge Court,151 Darwin Place,ooostrfpe150,sPO19350,SensPOKQ23250,GGBTNHQQ1383,GHGTbd161
hilbhq384,hilbhq384,hilbhq384,@gmail.com,hilbhq384@gmail.com,female,hilbhq384,2022-05-17,234000227,Argentina,Leanor,Gardie,2608444766,gcornwall0@netscape.com,361538,Gegharkunik Province,6589 Coolidge Court,152 Darwin Place,ooostrfpe151,sPO19351,SensPOKQ23251,GGBTNHQQ1384,GHGTbd162
hilbhq385,hilbhq385,hilbhq385,@gmail.com,hilbhq385@gmail.com,female,hilbhq385,2022-05-18,234000228,Argentina,Leanor,Gardie,2608444766,gcornwall0@netscape.com,361538,Gegharkunik Province,6590 Coolidge Court,153 Darwin Place,ooostrfpe152,sPO19352,SensPOKQ23252,GGBTNHQQ1385,GHGTbd163
hilbhq386,hilbhq386,hilbhq386,@gmail.com,hilbhq386@gmail.com,female,hilbhq386,2022-05-19,234000229,Argentina,Leanor,Gardie,2608444766,gcornwall0@netscape.com,361538,Gegharkunik Province,6591 Coolidge Court,154 Darwin Place,ooostrfpe153,sPO19353,SensPOKQ23253,GGBTNHQQ1386,GHGTbd164
hilbhq387,hilbhq387,hilbhq387,@gmail.com,hilbhq387@gmail.com,female,hilbhq387,2022-05-20,234000230,Argentina,Leanor,Gardie,2608444766,gcornwall0@netscape.com,361538,Gegharkunik Province,6592 Coolidge Court,155 Darwin Place,ooostrfpe154,sPO19354,SensPOKQ23254,GGBTNHQQ1387,GHGTbd165
hilbhq388,hilbhq388,hilbhq388,@gmail.com,hilbhq388@gmail.com,female,hilbhq388,2022-05-21,234000231,Argentina,Leanor,Gardie,2608444766,gcornwall0@netscape.com,361538,Gegharkunik Province,6593 Coolidge Court,156 Darwin Place,ooostrfpe155,sPO19355,SensPOKQ23255,GGBTNHQQ1388,GHGTbd166
hilbhq389,hilbhq389,hilbhq389,@gmail.com,hilbhq389@gmail.com,female,hilbhq389,2022-05-22,234000232,Argentina,Leanor,Gardie,2608444766,gcornwall0@netscape.com,361538,Gegharkunik Province,6594 Coolidge Court,157 Darwin Place,ooostrfpe156,sPO19356,SensPOKQ23256,GGBTNHQQ1389,GHGTbd167
hilbhq390,hilbhq390,hilbhq390,@gmail.com,hilbhq390@gmail.com,female,hilbhq390,2022-05-23,234000233,Argentina,Leanor,Gardie,2608444766,gcornwall0@netscape.com,361538,Gegharkunik Province,6595 Coolidge Court,158 Darwin Place,ooostrfpe157,sPO19357,SensPOKQ23257,GGBTNHQQ1390,GHGTbd168
hilbhq391,hilbhq391,hilbhq391,@gmail.com,hilbhq391@gmail.com,female,hilbhq391,2022-05-24,234000234,Argentina,Leanor,Gardie,2608444766,gcornwall0@netscape.com,361538,Gegharkunik Province,6596 Coolidge Court,159 Darwin Place,ooostrfpe158,sPO19358,SensPOKQ23258,GGBTNHQQ1391,GHGTbd169
hilbhq392,hilbhq392,hilbhq392,@gmail.com,hilbhq392@gmail.com,female,hilbhq392,2022-05-25,234000235,Argentina,Leanor,Gardie,2608444766,gcornwall0@netscape.com,361538,Gegharkunik Province,6597 Coolidge Court,160 Darwin Place,ooostrfpe159,sPO19359,SensPOKQ23259,GGBTNHQQ1392,GHGTbd170
hilbhq393,hilbhq393,hilbhq393,@gmail.com,hilbhq393@gmail.com,female,hilbhq393,2022-05-26,234000236,Argentina,Leanor,Gardie,2608444766,gcornwall0@netscape.com,361538,Gegharkunik Province,6598 Coolidge Court,161 Darwin Place,ooostrfpe160,sPO19360,SensPOKQ23260,GGBTNHQQ1393,GHGTbd171
hilbhq394,hilbhq394,hilbhq394,@gmail.com,hilbhq394@gmail.com,female,hilbhq394,2022-05-27,234000237,Argentina,Leanor,Gardie,2608444766,gcornwall0@netscape.com,361538,Gegharkunik Province,6599 Coolidge Court,162 Darwin Place,ooostrfpe161,sPO19361,SensPOKQ23261,GGBTNHQQ1394,GHGTbd172
hilbhq395,hilbhq395,hilbhq395,@gmail.com,hilbhq395@gmail.com,female,hilbhq395,2022-05-28,234000238,Argentina,Leanor,Gardie,2608444766,gcornwall0@netscape.com,361538,Gegharkunik Province,6600 Coolidge Court,163 Darwin Place,ooostrfpe162,sPO19362,SensPOKQ23262,GGBTNHQQ1395,GHGTbd173
hilbhq396,hilbhq396,hilbhq396,@gmail.com,hilbhq396@gmail.com,female,hilbhq396,2022-05-29,234000239,Argentina,Leanor,Gardie,2608444766,gcornwall0@netscape.com,361538,Gegharkunik Province,6601 Coolidge Court,164 Darwin Place,ooostrfpe163,sPO19363,SensPOKQ23263,GGBTNHQQ1396,GHGTbd174
hilbhq397,hilbhq397,hilbhq397,@gmail.com,hilbhq397@gmail.com,female,hilbhq397,2022-05-30,234000240,Argentina,Leanor,Gardie,2608444766,gcornwall0@netscape.com,361538,Gegharkunik Province,6602 Coolidge Court,165 Darwin Place,ooostrfpe164,sPO19364,SensPOKQ23264,GGBTNHQQ1397,GHGTbd175
hilbhq398,hilbhq398,hilbhq398,@gmail.com,hilbhq398@gmail.com,female,hilbhq398,2022-05-31,234000241,Argentina,Leanor,Gardie,2608444766,gcornwall0@netscape.com,361538,Gegharkunik Province,6603 Coolidge Court,166 Darwin Place,ooostrfpe165,sPO19365,SensPOKQ23265,GGBTNHQQ1398,GHGTbd176
hilbhq399,hilbhq399,hilbhq399,@gmail.com,hilbhq399@gmail.com,female,hilbhq399,2022-06-01,234000242,Argentina,Leanor,Gardie,2608444766,gcornwall0@netscape.com,361538,Gegharkunik Province,6604 Coolidge Court,167 Darwin Place,ooostrfpe166,sPO19366,SensPOKQ23266,GGBTNHQQ1399,GHGTbd177
hilbhq400,hilbhq400,hilbhq400,@gmail.com,hilbhq400@gmail.com,female,hilbhq400,2022-06-02,234000243,Argentina,Leanor,Gardie,2608444766,gcornwall0@netscape.com,361538,Gegharkunik Province,6605 Coolidge Court,168 Darwin Place,ooostrfpe167,sPO19367,SensPOKQ23267,GGBTNHQQ1400,GHGTbd178
hilbhq401,hilbhq401,hilbhq401,@gmail.com,hilbhq401@gmail.com,female,hilbhq401,2022-06-03,234000244,Argentina,Leanor,Gardie,2608444766,gcornwall0@netscape.com,361538,Gegharkunik Province,6606 Coolidge Court,169 Darwin Place,ooostrfpe168,sPO19368,SensPOKQ23268,GGBTNHQQ1401,GHGTbd179
hilbhq402,hilbhq402,hilbhq402,@gmail.com,hilbhq402@gmail.com,female,hilbhq402,2022-06-04,234000245,Argentina,Leanor,Gardie,2608444766,gcornwall0@netscape.com,361538,Gegharkunik Province,6607 Coolidge Court,170 Darwin Place,ooostrfpe169,sPO19369,SensPOKQ23269,GGBTNHQQ1402,GHGTbd180
hilbhq403,hilbhq403,hilbhq403,@gmail.com,hilbhq403@gmail.com,female,hilbhq403,2022-06-05,234000246,Argentina,Leanor,Gardie,2608444766,gcornwall0@netscape.com,361538,Gegharkunik Province,6608 Coolidge Court,171 Darwin Place,ooostrfpe170,sPO19370,SensPOKQ23270,GGBTNHQQ1403,GHGTbd181
hilbhq404,hilbhq404,hilbhq404,@gmail.com,hilbhq404@gmail.com,female,hilbhq404,2022-06-06,234000247,Argentina,Leanor,Gardie,2608444766,gcornwall0@netscape.com,361538,Gegharkunik Province,6609 Coolidge Court,172 Darwin Place,ooostrfpe171,sPO19371,SensPOKQ23271,GGBTNHQQ1404,GHGTbd182
hilbhq405,hilbhq405,hilbhq405,@gmail.com,hilbhq405@gmail.com,female,hilbhq405,2022-06-07,234000248,Argentina,Leanor,Gardie,2608444766,gcornwall0@netscape.com,361538,Gegharkunik Province,6610 Coolidge Court,173 Darwin Place,ooostrfpe172,sPO19372,SensPOKQ23272,GGBTNHQQ1405,GHGTbd183
hilbhq406,hilbhq406,hilbhq406,@gmail.com,hilbhq406@gmail.com,female,hilbhq406,2022-06-08,234000249,Argentina,Leanor,Gardie,2608444766,gcornwall0@netscape.com,361538,Gegharkunik Province,6611 Coolidge Court,174 Darwin Place,ooostrfpe173,sPO19373,SensPOKQ23273,GGBTNHQQ1406,GHGTbd184
hilbhq407,hilbhq407,hilbhq407,@gmail.com,hilbhq407@gmail.com,female,hilbhq407,2022-06-09,234000250,Argentina,Leanor,Gardie,2608444766,gcornwall0@netscape.com,361538,Gegharkunik Province,6612 Coolidge Court,175 Darwin Place,ooostrfpe174,sPO19374,SensPOKQ23274,GGBTNHQQ1407,GHGTbd185
hilbhq408,hilbhq408,hilbhq408,@gmail.com,hilbhq408@gmail.com,female,hilbhq408,2022-06-10,234000251,Argentina,Leanor,Gardie,2608444766,gcornwall0@netscape.com,361538,Gegharkunik Province,6613 Coolidge Court,176 Darwin Place,ooostrfpe175,sPO19375,SensPOKQ23275,GGBTNHQQ1408,GHGTbd186
hilbhq409,hilbhq409,hilbhq409,@gmail.com,hilbhq409@gmail.com,female,hilbhq409,2022-06-11,234000252,Argentina,Leanor,Gardie,2608444766,gcornwall0@netscape.com,361538,Gegharkunik Province,6614 Coolidge Court,177 Darwin Place,ooostrfpe176,sPO19376,SensPOKQ23276,GGBTNHQQ1409,GHGTbd187
hilbhq410,hilbhq410,hilbhq410,@gmail.com,hilbhq410@gmail.com,female,hilbhq410,2022-06-12,234000253,Argentina,Leanor,Gardie,2608444766,gcornwall0@netscape.com,361538,Gegharkunik Province,6615 Coolidge Court,178 Darwin Place,ooostrfpe177,sPO19377,SensPOKQ23277,GGBTNHQQ1410,GHGTbd188
hilbhq411,hilbhq411,hilbhq411,@gmail.com,hilbhq411@gmail.com,female,hilbhq411,2022-06-13,234000254,Argentina,Leanor,Gardie,2608444766,gcornwall0@netscape.com,361538,Gegharkunik Province,6616 Coolidge Court,179 Darwin Place,ooostrfpe178,sPO19378,SensPOKQ23278,GGBTNHQQ1411,GHGTbd189
hilbhq412,hilbhq412,hilbhq412,@gmail.com,hilbhq412@gmail.com,female,hilbhq412,2022-06-14,234000255,Argentina,Leanor,Gardie,2608444766,gcornwall0@netscape.com,361538,Gegharkunik Province,6617 Coolidge Court,180 Darwin Place,ooostrfpe179,sPO19379,SensPOKQ23279,GGBTNHQQ1412,GHGTbd190
hilbhq413,hilbhq413,hilbhq413,@gmail.com,hilbhq413@gmail.com,female,hilbhq413,2022-06-15,234000256,Argentina,Leanor,Gardie,2608444766,gcornwall0@netscape.com,361538,Gegharkunik Province,6618 Coolidge Court,181 Darwin Place,ooostrfpe180,sPO19380,SensPOKQ23280,GGBTNHQQ1413,GHGTbd191
hilbhq414,hilbhq414,hilbhq414,@gmail.com,hilbhq414@gmail.com,female,hilbhq414,2022-06-16,234000257,Argentina,Leanor,Gardie,2608444766,gcornwall0@netscape.com,361538,Gegharkunik Province,6619 Coolidge Court,182 Darwin Place,ooostrfpe181,sPO19381,SensPOKQ23281,GGBTNHQQ1414,GHGTbd192
hilbhq415,hilbhq415,hilbhq415,@gmail.com,hilbhq415@gmail.com,female,hilbhq415,2022-06-17,234000258,Argentina,Leanor,Gardie,2608444766,gcornwall0@netscape.com,361538,Gegharkunik Province,6620 Coolidge Court,183 Darwin Place,ooostrfpe182,sPO19382,SensPOKQ23282,GGBTNHQQ1415,GHGTbd193
hilbhq416,hilbhq416,hilbhq416,@gmail.com,hilbhq416@gmail.com,female,hilbhq416,2022-06-18,234000259,Argentina,Leanor,Gardie,2608444766,gcornwall0@netscape.com,361538,Gegharkunik Province,6621 Coolidge Court,184 Darwin Place,ooostrfpe183,sPO19383,SensPOKQ23283,GGBTNHQQ1416,GHGTbd194
hilbhq417,hilbhq417,hilbhq417,@gmail.com,hilbhq417@gmail.com,female,hilbhq417,2022-06-19,234000260,Argentina,Leanor,Gardie,2608444766,gcornwall0@netscape.com,361538,Gegharkunik Province,6622 Coolidge Court,185 Darwin Place,ooostrfpe184,sPO19384,SensPOKQ23284,GGBTNHQQ1417,GHGTbd195
hilbhq418,hilbhq418,hilbhq418,@gmail.com,hilbhq418@gmail.com,female,hilbhq418,2022-06-20,234000261,Argentina,Leanor,Gardie,2608444766,gcornwall0@netscape.com,361538,Gegharkunik Province,6623 Coolidge Court,186 Darwin Place,ooostrfpe185,sPO19385,SensPOKQ23285,GGBTNHQQ1418,GHGTbd196
hilbhq419,hilbhq419,hilbhq419,@gmail.com,hilbhq419@gmail.com,female,hilbhq419,2022-06-21,234000262,Argentina,Leanor,Gardie,2608444766,gcornwall0@netscape.com,361538,Gegharkunik Province,6624 Coolidge Court,187 Darwin Place,ooostrfpe186,sPO19386,SensPOKQ23286,GGBTNHQQ1419,GHGTbd197
hilbhq420,hilbhq420,hilbhq420,@gmail.com,hilbhq420@gmail.com,female,hilbhq420,2022-06-22,234000263,Argentina,Leanor,Gardie,2608444766,gcornwall0@netscape.com,361538,Gegharkunik Province,6625 Coolidge Court,188 Darwin Place,ooostrfpe187,sPO19387,SensPOKQ23287,GGBTNHQQ1420,GHGTbd198
hilbhq421,hilbhq421,hilbhq421,@gmail.com,hilbhq421@gmail.com,female,hilbhq421,2022-06-23,234000264,Argentina,Leanor,Gardie,2608444766,gcornwall0@netscape.com,361538,Gegharkunik Province,6626 Coolidge Court,189 Darwin Place,ooostrfpe188,sPO19388,SensPOKQ23288,GGBTNHQQ1421,GHGTbd199
hilbhq422,hilbhq422,hilbhq422,@gmail.com,hilbhq422@gmail.com,female,hilbhq422,2022-06-24,234000265,Argentina,Leanor,Gardie,2608444766,gcornwall0@netscape.com,361538,Gegharkunik Province,6627 Coolidge Court,190 Darwin Place,ooostrfpe189,sPO19389,SensPOKQ23289,GGBTNHQQ1422,GHGTbd200
hilbhq423,hilbhq423,hilbhq423,@gmail.com,hilbhq423@gmail.com,female,hilbhq423,2022-06-25,234000266,Argentina,Leanor,Gardie,2608444766,gcornwall0@netscape.com,361538,Gegharkunik Province,6628 Coolidge Court,191 Darwin Place,ooostrfpe190,sPO19390,SensPOKQ23290,GGBTNHQQ1423,GHGTbd201
hilbhq424,hilbhq424,hilbhq424,@gmail.com,hilbhq424@gmail.com,female,hilbhq424,2022-06-26,234000267,Argentina,Leanor,Gardie,2608444766,gcornwall0@netscape.com,361538,Gegharkunik Province,6629 Coolidge Court,192 Darwin Place,ooostrfpe191,sPO19391,SensPOKQ23291,GGBTNHQQ1424,GHGTbd202
hilbhq425,hilbhq425,hilbhq425,@gmail.com,hilbhq425@gmail.com,female,hilbhq425,2022-06-27,234000268,Argentina,Leanor,Gardie,2608444766,gcornwall0@netscape.com,361538,Gegharkunik Province,6630 Coolidge Court,193 Darwin Place,ooostrfpe192,sPO19392,SensPOKQ23292,GGBTNHQQ1425,GHGTbd203
hilbhq426,hilbhq426,hilbhq426,@gmail.com,hilbhq426@gmail.com,female,hilbhq426,2022-06-28,234000269,Argentina,Leanor,Gardie,2608444766,gcornwall0@netscape.com,361538,Gegharkunik Province,6631 Coolidge Court,194 Darwin Place,ooostrfpe193,sPO19393,SensPOKQ23293,GGBTNHQQ1426,GHGTbd204
hilbhq427,hilbhq427,hilbhq427,@gmail.com,hilbhq427@gmail.com,female,hilbhq427,2022-06-29,234000270,Argentina,Leanor,Gardie,2608444766,gcornwall0@netscape.com,361538,Gegharkunik Province,6632 Coolidge Court,195 Darwin Place,ooostrfpe194,sPO19394,SensPOKQ23294,GGBTNHQQ1427,GHGTbd205
hilbhq428,hilbhq428,hilbhq428,@gmail.com,hilbhq428@gmail.com,female,hilbhq428,2022-06-30,234000271,Argentina,Leanor,Gardie,2608444766,gcornwall0@netscape.com,361538,Gegharkunik Province,6633 Coolidge Court,196 Darwin Place,ooostrfpe195,sPO19395,SensPOKQ23295,GGBTNHQQ1428,GHGTbd206
hilbhq429,hilbhq429,hilbhq429,@gmail.com,hilbhq429@gmail.com,female,hilbhq429,2022-07-01,234000272,Argentina,Leanor,Gardie,2608444766,gcornwall0@netscape.com,361538,Gegharkunik Province,6634 Coolidge Court,197 Darwin Place,ooostrfpe196,sPO19396,SensPOKQ23296,GGBTNHQQ1429,GHGTbd207
hilbhq430,hilbhq430,hilbhq430,@gmail.com,hilbhq430@gmail.com,female,hilbhq430,2022-07-02,234000273,Argentina,Leanor,Gardie,2608444766,gcornwall0@netscape.com,361538,Gegharkunik Province,6635 Coolidge Court,198 Darwin Place,ooostrfpe197,sPO19397,SensPOKQ23297,GGBTNHQQ1430,GHGTbd208
hilbhq431,hilbhq431,hilbhq431,@gmail.com,hilbhq431@gmail.com,female,hilbhq431,2022-07-03,234000274,Argentina,Leanor,Gardie,2608444766,gcornwall0@netscape.com,361538,Gegharkunik Province,6636 Coolidge Court,199 Darwin Place,ooostrfpe198,sPO19398,SensPOKQ23298,GGBTNHQQ1431,GHGTbd209
hilbhq432,hilbhq432,hilbhq432,@gmail.com,hilbhq432@gmail.com,female,hilbhq432,2022-07-04,234000275,Argentina,Leanor,Gardie,2608444766,gcornwall0@netscape.com,361538,Gegharkunik Province,6637 Coolidge Court,200 Darwin Place,ooostrfpe199,sPO19399,SensPOKQ23299,GGBTNHQQ1432,GHGTbd210
hilbhq433,hilbhq433,hilbhq433,@gmail.com,hilbhq433@gmail.com,female,hilbhq433,2022-07-05,234000276,Argentina,Leanor,Gardie,2608444766,gcornwall0@netscape.com,361538,Gegharkunik Province,6638 Coolidge Court,201 Darwin Place,ooostrfpe200,sPO19400,SensPOKQ23300,GGBTNHQQ1433,GHGTbd211
,,,,,,,,,,,,,,,,,,,,,,
,,,,,,,,,,,,,,,,,,,,,,
,,,,,,,,,,,,,,,,,,,,,,
,,,,,,,,,,,,,,,,,,,,,,
,,,,,,,,,,,,,,,,,,,,,,
,,,,,,,,,,,,,,,,,,,,,,
,,,,,,,,,,,,,,,,,,,,,,
,,,,,,,,,,,,,,,,,,,,,,
,,,,,,,,,,,,,,,,,,,,,,
,,,,,,,,,,,,,,,,,,,,,,
,,,,,,,,,,,,,,,,,,,,,,
,,,,,,,,,,,,,,,,,,,,,,
,,,,,,,,,,,,,,,,,,,,,,
,,,,,,,,,,,,,,,,,,,,,,
,,,,,,,,,,,,,,,,,,,,,,
,,,,,,,,,,,,,,,,,,,,,,
,,,,,,,,,,,,,,,,,,,,,,
,,,,,,,,,,,,,,,,,,,,,,
,,,,,,,,,,,,,,,,,,,,,,
,,,,,,,,,,,,,,,,,,,,,,
,,,,,,,,,,,,,,,,,,,,,,
,,,,,,,,,,,,,,,,,,,,,,
,,,,,,,,,,,,,,,,,,,,,,
,,,,,,,,,,,,,,,,,,,,,,
,,,,,,,,,,,,,,,,,,,,,,
,,,,,,,,,,,,,,,,,,,,,,
,,,,,,,,,,,,,,,,,,,,,,
,,,,,,,,,,,,,,,,,,,,,,
,,,,,,,,,,,,,,,,,,,,,,
,,,,,,,,,,,,,,,,,,,,,,
,,,,,,,,,,,,,,,,,,,,,,
,,,,,,,,,,,,,,,,,,,,,,
,,,,,,,,,,,,,,,,,,,,,,
,,,,,,,,,,,,,,,,,,,,,,
,,,,,,,,,,,,,,,,,,,,,,
,,,,,,,,,,,,,,,,,,,,,,
,,,,,,,,,,,,,,,,,,,,,,
,,,,,,,,,,,,,,,,,,,,,,
,,,,,,,,,,,,,,,,,,,,,,
,,,,,,,,,,,,,,,,,,,,,,
,,,,,,,,,,,,,,,,,,,,,,
,,,,,,,,,,,,,,,,,,,,,,
,,,,,,,,,,,,,,,,,,,,,,
,,,,,,,,,,,,,,,,,,,,,,
,,,,,,,,,,,,,,,,,,,,,,
,,,,,,,,,,,,,,,,,,,,,,
,,,,,,,,,,,,,,,,,,,,,,
,,,,,,,,,,,,,,,,,,,,,,
,,,,,,,,,,,,,,,,,,,,,,
,,,,,,,,,,,,,,,,,,,,,,
,,,,,,,,,,,,,,,,,,,,,,
,,,,,,,,,,,,,,,,,,,,,,
,,,,,,,,,,,,,,,,,,,,,,
,,,,,,,,,,,,,,,,,,,,,,
,,,,,,,,,,,,,,,,,,,,,,
,,,,,,,,,,,,,,,,,,,,,,
,,,,,,,,,,,,,,,,,,,,,,
,,,,,,,,,,,,,,,,,,,,,,
,,,,,,,,,,,,,,,,,,,,,,
,,,,,,,,,,,,,,,,,,,,,,
,,,,,,,,,,,,,,,,,,,,,,
,,,,,,,,,,,,,,,,,,,,,,
,,,,,,,,,,,,,,,,,,,,,,
,,,,,,,,,,,,,,,,,,,,,,
,,,,,,,,,,,,,,,,,,,,,,
,,,,,,,,,,,,,,,,,,,,,,
,,,,,,,,,,,,,,,,,,,,,,
,,,,,,,,,,,,,,,,,,,,,,
,,,,,,,,,,,,,,,,,,,,,,
,,,,,,,,,,,,,,,,,,,,,,
,,,,,,,,,,,,,,,,,,,,,,
,,,,,,,,,,,,,,,,,,,,,,
,,,,,,,,,,,,,,,,,,,,,,
,,,,,,,,,,,,,,,,,,,,,,
,,,,,,,,,,,,,,,,,,,,,,
,,,,,,,,,,,,,,,,,,,,,,
,,,,,,,,,,,,,,,,,,,,,,
,,,,,,,,,,,,,,,,,,,,,,
,,,,,,,,,,,,,,,,,,,,,,
,,,,,,,,,,,,,,,,,,,,,,
,,,,,,,,,,,,,,,,,,,,,,
,,,,,,,,,,,,,,,,,,,,,,
,,,,,,,,,,,,,,,,,,,,,,
,,,,,,,,,,,,,,,,,,,,,,
,,,,,,,,,,,,,,,,,,,,,,
,,,,,,,,,,,,,,,,,,,,,,
,,,,,,,,,,,,,,,,,,,,,,
,,,,,,,,,,,,,,,,,,,,,,
,,,,,,,,,,,,,,,,,,,,,,
,,,,,,,,,,,,,,,,,,,,,,
,,,,,,,,,,,,,,,,,,,,,,
,,,,,,,,,,,,,,,,,,,,,,
,,,,,,,,,,,,,,,,,,,,,,
,,,,,,,,,,,,,,,,,,,,,,
,,,,,,,,,,,,,,,,,,,,,,
,,,,,,,,,,,,,,,,,,,,,,
,,,,,,,,,,,,,,,,,,,,,,
,,,,,,,,,,,,,,,,,,,,,,
,,,,,,,,,,,,,,,,,,,,,,
,,,,,,,,,,,,,,,,,,,,,,
,,,,,,,,,,,,,,,,,,,,,,
,,,,,,,,,,,,,,,,,,,,,,
,,,,,,,,,,,,,,,,,,,,,,
,,,,,,,,,,,,,,,,,,,,,,
,,,,,,,,,,,,,,,,,,,,,,
,,,,,,,,,,,,,,,,,,,,,,
,,,,,,,,,,,,,,,,,,,,,,
,,,,,,,,,,,,,,,,,,,,,,
,,,,,,,,,,,,,,,,,,,,,,
,,,,,,,,,,,,,,,,,,,,,,
,,,,,,,,,,,,,,,,,,,,,,
,,,,,,,,,,,,,,,,,,,,,,
,,,,,,,,,,,,,,,,,,,,,,
,,,,,,,,,,,,,,,,,,,,,,
,,,,,,,,,,,,,,,,,,,,,,
,,,,,,,,,,,,,,,,,,,,,,
,,,,,,,,,,,,,,,,,,,,,,
,,,,,,,,,,,,,,,,,,,,,,
,,,,,,,,,,,,,,,,,,,,,,
,,,,,,,,,,,,,,,,,,,,,,
,,,,,,,,,,,,,,,,,,,,,,
,,,,,,,,,,,,,,,,,,,,,,
,,,,,,,,,,,,,,,,,,,,,,
,,,,,,,,,,,,,,,,,,,,,,
,,,,,,,,,,,,,,,,,,,,,,
,,,,,,,,,,,,,,,,,,,,,,
,,,,,,,,,,,,,,,,,,,,,,
,,,,,,,,,,,,,,,,,,,,,,
,,,,,,,,,,,,,,,,,,,,,,
,,,,,,,,,,,,,,,,,,,,,,
,,,,,,,,,,,,,,,,,,,,,,
,,,,,,,,,,,,,,,,,,,,,,
,,,,,,,,,,,,,,,,,,,,,,
,,,,,,,,,,,,,,,,,,,,,,
,,,,,,,,,,,,,,,,,,,,,,
,,,,,,,,,,,,,,,,,,,,,,
,,,,,,,,,,,,,,,,,,,,,,
,,,,,,,,,,,,,,,,,,,,,,
,,,,,,,,,,,,,,,,,,,,,,
,,,,,,,,,,,,,,,,,,,,,,
,,,,,,,,,,,,,,,,,,,,,,
,,,,,,,,,,,,,,,,,,,,,,
,,,,,,,,,,,,,,,,,,,,,,
,,,,,,,,,,,,,,,,,,,,,,
,,,,,,,,,,,,,,,,,,,,,,
,,,,,,,,,,,,,,,,,,,,,,
,,,,,,,,,,,,,,,,,,,,,,
,,,,,,,,,,,,,,,,,,,,,,
,,,,,,,,,,,,,,,,,,,,,,
,,,,,,,,,,,,,,,,,,,,,,
,,,,,,,,,,,,,,,,,,,,,,
,,,,,,,,,,,,,,,,,,,,,,
,,,,,,,,,,,,,,,,,,,,,,
,,,,,,,,,,,,,,,,,,,,,,
,,,,,,,,,,,,,,,,,,,,,,
,,,,,,,,,,,,,,,,,,,,,,
,,,,,,,,,,,,,,,,,,,,,,
,,,,,,,,,,,,,,,,,,,,,,
,,,,,,,,,,,,,,,,,,,,,,
,,,,,,,,,,,,,,,,,,,,,,
,,,,,,,,,,,,,,,,,,,,,,
,,,,,,,,,,,,,,,,,,,,,,
,,,,,,,,,,,,,,,,,,,,,,
,,,,,,,,,,,,,,,,,,,,,,
,,,,,,,,,,,,,,,,,,,,,,
,,,,,,,,,,,,,,,,,,,,,,
,,,,,,,,,,,,,,,,,,,,,,
,,,,,,,,,,,,,,,,,,,,,,
,,,,,,,,,,,,,,,,,,,,,,
,,,,,,,,,,,,,,,,,,,,,,
,,,,,,,,,,,,,,,,,,,,,,
,,,,,,,,,,,,,,,,,,,,,,
,,,,,,,,,,,,,,,,,,,,,,
,,,,,,,,,,,,,,,,,,,,,,
,,,,,,,,,,,,,,,,,,,,,,
,,,,,,,,,,,,,,,,,,,,,,
,,,,,,,,,,,,,,,,,,,,,,
,,,,,,,,,,,,,,,,,,,,,,
,,,,,,,,,,,,,,,,,,,,,,
,,,,,,,,,,,,,,,,,,,,,,
,,,,,,,,,,,,,,,,,,,,,,
,,,,,,,,,,,,,,,,,,,,,,
,,,,,,,,,,,,,,,,,,,,,,
,,,,,,,,,,,,,,,,,,,,,,
,,,,,,,,,,,,,,,,,,,,,,
,,,,,,,,,,,,,,,,,,,,,,
,,,,,,,,,,,,,,,,,,,,,,
,,,,,,,,,,,,,,,,,,,,,,
,,,,,,,,,,,,,,,,,,,,,,
,,,,,,,,,,,,,,,,,,,,,,
,,,,,,,,,,,,,,,,,,,,,,
,,,,,,,,,,,,,,,,,,,,,,
,,,,,,,,,,,,,,,,,,,,,,
,,,,,,,,,,,,,,,,,,,,,,
,,,,,,,,,,,,,,,,,,,,,,
,,,,,,,,,,,,,,,,,,,,,,
,,,,,,,,,,,,,,,,,,,,,,
,,,,,,,,,,,,,,,,,,,,,,
,,,,,,,,,,,,,,,,,,,,,,
,,,,,,,,,,,,,,,,,,,,,,
,,,,,,,,,,,,,,,,,,,,,,
,,,,,,,,,,,,,,,,,,,,,,
,,,,,,,,,,,,,,,,,,,,,,
,,,,,,,,,,,,,,,,,,,,,,
,,,,,,,,,,,,,,,,,,,,,,
,,,,,,,,,,,,,,,,,,,,,,
,,,,,,,,,,,,,,,,,,,,,,
,,,,,,,,,,,,,,,,,,,,,,
,,,,,,,,,,,,,,,,,,,,,,
,,,,,,,,,,,,,,,,,,,,,,
,,,,,,,,,,,,,,,,,,,,,,
,,,,,,,,,,,,,,,,,,,,,,
,,,,,,,,,,,,,,,,,,,,,,
,,,,,,,,,,,,,,,,,,,,,,
,,,,,,,,,,,,,,,,,,,,,,
,,,,,,,,,,,,,,,,,,,,,,
,,,,,,,,,,,,,,,,,,,,,,
,,,,,,,,,,,,,,,,,,,,,,
,,,,,,,,,,,,,,,,,,,,,,
,,,,,,,,,,,,,,,,,,,,,,
,,,,,,,,,,,,,,,,,,,,,,
,,,,,,,,,,,,,,,,,,,,,,
,,,,,,,,,,,,,,,,,,,,,,
,,,,,,,,,,,,,,,,,,,,,,
,,,,,,,,,,,,,,,,,,,,,,
,,,,,,,,,,,,,,,,,,,,,,
,,,,,,,,,,,,,,,,,,,,,,
,,,,,,,,,,,,,,,,,,,,,,
,,,,,,,,,,,,,,,,,,,,,,
,,,,,,,,,,,,,,,,,,,,,,
,,,,,,,,,,,,,,,,,,,,,,
,,,,,,,,,,,,,,,,,,,,,,
,,,,,,,,,,,,,,,,,,,,,,
,,,,,,,,,,,,,,,,,,,,,,
,,,,,,,,,,,,,,,,,,,,,,
,,,,,,,,,,,,,,,,,,,,,,
,,,,,,,,,,,,,,,,,,,,,,
,,,,,,,,,,,,,,,,,,,,,,
,,,,,,,,,,,,,,,,,,,,,,
,,,,,,,,,,,,,,,,,,,,,,
,,,,,,,,,,,,,,,,,,,,,,
,,,,,,,,,,,,,,,,,,,,,,
,,,,,,,,,,,,,,,,,,,,,,
,,,,,,,,,,,,,,,,,,,,,,
,,,,,,,,,,,,,,,,,,,,,,
,,,,,,,,,,,,,,,,,,,,,,
,,,,,,,,,,,,,,,,,,,,,,
,,,,,,,,,,,,,,,,,,,,,,
,,,,,,,,,,,,,,,,,,,,,,
,,,,,,,,,,,,,,,,,,,,,,
,,,,,,,,,,,,,,,,,,,,,,
,,,,,,,,,,,,,,,,,,,,,,
,,,,,,,,,,,,,,,,,,,,,,
,,,,,,,,,,,,,,,,,,,,,,
,,,,,,,,,,,,,,,,,,,,,,
,,,,,,,,,,,,,,,,,,,,,,
,,,,,,,,,,,,,,,,,,,,,,
,,,,,,,,,,,,,,,,,,,,,,
,,,,,,,,,,,,,,,,,,,,,,
,,,,,,,,,,,,,,,,,,,,,,
,,,,,,,,,,,,,,,,,,,,,,
,,,,,,,,,,,,,,,,,,,,,,
,,,,,,,,,,,,,,,,,,,,,,
,,,,,,,,,,,,,,,,,,,,,,
,,,,,,,,,,,,,,,,,,,,,,
,,,,,,,,,,,,,,,,,,,,,,
,,,,,,,,,,,,,,,,,,,,,,
,,,,,,,,,,,,,,,,,,,,,,
,,,,,,,,,,,,,,,,,,,,,,
,,,,,,,,,,,,,,,,,,,,,,
,,,,,,,,,,,,,,,,,,,,,,
,,,,,,,,,,,,,,,,,,,,,,
,,,,,,,,,,,,,,,,,,,,,,
,,,,,,,,,,,,,,,,,,,,,,
,,,,,,,,,,,,,,,,,,,,,,
,,,,,,,,,,,,,,,,,,,,,,
,,,,,,,,,,,,,,,,,,,,,,
,,,,,,,,,,,,,,,,,,,,,,
,,,,,,,,,,,,,,,,,,,,,,
,,,,,,,,,,,,,,,,,,,,,,
,,,,,,,,,,,,,,,,,,,,,,
,,,,,,,,,,,,,,,,,,,,,,
,,,,,,,,,,,,,,,,,,,,,,
,,,,,,,,,,,,,,,,,,,,,,
,,,,,,,,,,,,,,,,,,,,,,
,,,,,,,,,,,,,,,,,,,,,,
,,,,,,,,,,,,,,,,,,,,,,
,,,,,,,,,,,,,,,,,,,,,,
,,,,,,,,,,,,,,,,,,,,,,
,,,,,,,,,,,,,,,,,,,,,,
,,,,,,,,,,,,,,,,,,,,,,
,,,,,,,,,,,,,,,,,,,,,,
,,,,,,,,,,,,,,,,,,,,,,
,,,,,,,,,,,,,,,,,,,,,,
,,,,,,,,,,,,,,,,,,,,,,
,,,,,,,,,,,,,,,,,,,,,,
,,,,,,,,,,,,,,,,,,,,,,
,,,,,,,,,,,,,,,,,,,,,,
,,,,,,,,,,,,,,,,,,,,,,
,,,,,,,,,,,,,,,,,,,,,,
,,,,,,,,,,,,,,,,,,,,,,
,,,,,,,,,,,,,,,,,,,,,,
,,,,,,,,,,,,,,,,,,,,,,
,,,,,,,,,,,,,,,,,,,,,,
,,,,,,,,,,,,,,,,,,,,,,
,,,,,,,,,,,,,,,,,,,,,,
,,,,,,,,,,,,,,,,,,,,,,
,,,,,,,,,,,,,,,,,,,,,,
,,,,,,,,,,,,,,,,,,,,,,
,,,,,,,,,,,,,,,,,,,,,,
,,,,,,,,,,,,,,,,,,,,,,
,,,,,,,,,,,,,,,,,,,,,,
,,,,,,,,,,,,,,,,,,,,,,
,,,,,,,,,,,,,,,,,,,,,,
,,,,,,,,,,,,,,,,,,,,,,
,,,,,,,,,,,,,,,,,,,,,,
,,,,,,,,,,,,,,,,,,,,,,
,,,,,,,,,,,,,,,,,,,,,,
,,,,,,,,,,,,,,,,,,,,,,
,,,,,,,,,,,,,,,,,,,,,,
,,,,,,,,,,,,,,,,,,,,,,
,,,,,,,,,,,,,,,,,,,,,,
,,,,,,,,,,,,,,,,,,,,,,
,,,,,,,,,,,,,,,,,,,,,,
,,,,,,,,,,,,,,,,,,,,,,
,,,,,,,,,,,,,,,,,,,,,,
,,,,,,,,,,,,,,,,,,,,,,
,,,,,,,,,,,,,,,,,,,,,,
,,,,,,,,,,,,,,,,,,,,,,
,,,,,,,,,,,,,,,,,,,,,,
,,,,,,,,,,,,,,,,,,,,,,
,,,,,,,,,,,,,,,,,,,,,,
,,,,,,,,,,,,,,,,,,,,,,
,,,,,,,,,,,,,,,,,,,,,,
,,,,,,,,,,,,,,,,,,,,,,
,,,,,,,,,,,,,,,,,,,,,,
,,,,,,,,,,,,,,,,,,,,,,
,,,,,,,,,,,,,,,,,,,,,,
,,,,,,,,,,,,,,,,,,,,,,
,,,,,,,,,,,,,,,,,,,,,,
,,,,,,,,,,,,,,,,,,,,,,
,,,,,,,,,,,,,,,,,,,,,,
,,,,,,,,,,,,,,,,,,,,,,
,,,,,,,,,,,,,,,,,,,,,,
,,,,,,,,,,,,,,,,,,,,,,
,,,,,,,,,,,,,,,,,,,,,,
,,,,,,,,,,,,,,,,,,,,,,
,,,,,,,,,,,,,,,,,,,,,,
,,,,,,,,,,,,,,,,,,,,,,
,,,,,,,,,,,,,,,,,,,,,,
,,,,,,,,,,,,,,,,,,,,,,
,,,,,,,,,,,,,,,,,,,,,,
,,,,,,,,,,,,,,,,,,,,,,
,,,,,,,,,,,,,,,,,,,,,,
,,,,,,,,,,,,,,,,,,,,,,
,,,,,,,,,,,,,,,,,,,,,,
,,,,,,,,,,,,,,,,,,,,,,
,,,,,,,,,,,,,,,,,,,,,,
,,,,,,,,,,,,,,,,,,,,,,
,,,,,,,,,,,,,,,,,,,,,,
,,,,,,,,,,,,,,,,,,,,,,
,,,,,,,,,,,,,,,,,,,,,,
,,,,,,,,,,,,,,,,,,,,,,
,,,,,,,,,,,,,,,,,,,,,,
,,,,,,,,,,,,,,,,,,,,,,
,,,,,,,,,,,,,,,,,,,,,,
,,,,,,,,,,,,,,,,,,,,,,
,,,,,,,,,,,,,,,,,,,,,,
,,,,,,,,,,,,,,,,,,,,,,
,,,,,,,,,,,,,,,,,,,,,,
,,,,,,,,,,,,,,,,,,,,,,
,,,,,,,,,,,,,,,,,,,,,,
,,,,,,,,,,,,,,,,,,,,,,
,,,,,,,,,,,,,,,,,,,,,,
,,,,,,,,,,,,,,,,,,,,,,
,,,,,,,,,,,,,,,,,,,,,,
,,,,,,,,,,,,,,,,,,,,,,
,,,,,,,,,,,,,,,,,,,,,,
,,,,,,,,,,,,,,,,,,,,,,
,,,,,,,,,,,,,,,,,,,,,,
,,,,,,,,,,,,,,,,,,,,,,
,,,,,,,,,,,,,,,,,,,,,,
,,,,,,,,,,,,,,,,,,,,,,
,,,,,,,,,,,,,,,,,,,,,,
,,,,,,,,,,,,,,,,,,,,,,
,,,,,,,,,,,,,,,,,,,,,,
,,,,,,,,,,,,,,,,,,,,,,
,,,,,,,,,,,,,,,,,,,,,,
,,,,,,,,,,,,,,,,,,,,,,
,,,,,,,,,,,,,,,,,,,,,,
,,,,,,,,,,,,,,,,,,,,,,
,,,,,,,,,,,,,,,,,,,,,,
,,,,,,,,,,,,,,,,,,,,,,
,,,,,,,,,,,,,,,,,,,,,,
,,,,,,,,,,,,,,,,,,,,,,
,,,,,,,,,,,,,,,,,,,,,,
,,,,,,,,,,,,,,,,,,,,,,
,,,,,,,,,,,,,,,,,,,,,,
,,,,,,,,,,,,,,,,,,,,,,
,,,,,,,,,,,,,,,,,,,,,,
,,,,,,,,,,,,,,,,,,,,,,
,,,,,,,,,,,,,,,,,,,,,,
,,,,,,,,,,,,,,,,,,,,,,
,,,,,,,,,,,,,,,,,,,,,,
,,,,,,,,,,,,,,,,,,,,,,
,,,,,,,,,,,,,,,,,,,,,,
,,,,,,,,,,,,,,,,,,,,,,
,,,,,,,,,,,,,,,,,,,,,,
,,,,,,,,,,,,,,,,,,,,,,
,,,,,,,,,,,,,,,,,,,,,,
,,,,,,,,,,,,,,,,,,,,,,
,,,,,,,,,,,,,,,,,,,,,,
,,,,,,,,,,,,,,,,,,,,,,
,,,,,,,,,,,,,,,,,,,,,,
,,,,,,,,,,,,,,,,,,,,,,
,,,,,,,,,,,,,,,,,,,,,,
,,,,,,,,,,,,,,,,,,,,,,
,,,,,,,,,,,,,,,,,,,,,,
,,,,,,,,,,,,,,,,,,,,,,
,,,,,,,,,,,,,,,,,,,,,,
,,,,,,,,,,,,,,,,,,,,,,
,,,,,,,,,,,,,,,,,,,,,,
,,,,,,,,,,,,,,,,,,,,,,
,,,,,,,,,,,,,,,,,,,,,,
,,,,,,,,,,,,,,,,,,,,,,
,,,,,,,,,,,,,,,,,,,,,,
,,,,,,,,,,,,,,,,,,,,,,
,,,,,,,,,,,,,,,,,,,,,,
,,,,,,,,,,,,,,,,,,,,,,
,,,,,,,,,,,,,,,,,,,,,,
,,,,,,,,,,,,,,,,,,,,,,
,,,,,,,,,,,,,,,,,,,,,,
,,,,,,,,,,,,,,,,,,,,,,
,,,,,,,,,,,,,,,,,,,,,,
,,,,,,,,,,,,,,,,,,,,,,
,,,,,,,,,,,,,,,,,,,,,,
,,,,,,,,,,,,,,,,,,,,,,
,,,,,,,,,,,,,,,,,,,,,,
,,,,,,,,,,,,,,,,,,,,,,
,,,,,,,,,,,,,,,,,,,,,,
,,,,,,,,,,,,,,,,,,,,,,
,,,,,,,,,,,,,,,,,,,,,,
,,,,,,,,,,,,,,,,,,,,,,
,,,,,,,,,,,,,,,,,,,,,,
,,,,,,,,,,,,,,,,,,,,,,
,,,,,,,,,,,,,,,,,,,,,,
,,,,,,,,,,,,,,,,,,,,,,
,,,,,,,,,,,,,,,,,,,,,,
,,,,,,,,,,,,,,,,,,,,,,
,,,,,,,,,,,,,,,,,,,,,,
,,,,,,,,,,,,,,,,,,,,,,
,,,,,,,,,,,,,,,,,,,,,,
,,,,,,,,,,,,,,,,,,,,,,
,,,,,,,,,,,,,,,,,,,,,,
,,,,,,,,,,,,,,,,,,,,,,
,,,,,,,,,,,,,,,,,,,,,,
,,,,,,,,,,,,,,,,,,,,,,
,,,,,,,,,,,,,,,,,,,,,,
,,,,,,,,,,,,,,,,,,,,,,
,,,,,,,,,,,,,,,,,,,,,,
,,,,,,,,,,,,,,,,,,,,,,
,,,,,,,,,,,,,,,,,,,,,,
,,,,,,,,,,,,,,,,,,,,,,
,,,,,,,,,,,,,,,,,,,,,,
,,,,,,,,,,,,,,,,,,,,,,
,,,,,,,,,,,,,,,,,,,,,,
,,,,,,,,,,,,,,,,,,,,,,
,,,,,,,,,,,,,,,,,,,,,,
,,,,,,,,,,,,,,,,,,,,,,
,,,,,,,,,,,,,,,,,,,,,,
,,,,,,,,,,,,,,,,,,,,,,
,,,,,,,,,,,,,,,,,,,,,,
,,,,,,,,,,,,,,,,,,,,,,
,,,,,,,,,,,,,,,,,,,,,,
,,,,,,,,,,,,,,,,,,,,,,
,,,,,,,,,,,,,,,,,,,,,,
,,,,,,,,,,,,,,,,,,,,,,
,,,,,,,,,,,,,,,,,,,,,,
,,,,,,,,,,,,,,,,,,,,,,
,,,,,,,,,,,,,,,,,,,,,,
,,,,,,,,,,,,,,,,,,,,,,
,,,,,,,,,,,,,,,,,,,,,,
,,,,,,,,,,,,,,,,,,,,,,
,,,,,,,,,,,,,,,,,,,,,,
,,,,,,,,,,,,,,,,,,,,,,
,,,,,,,,,,,,,,,,,,,,,,
,,,,,,,,,,,,,,,,,,,,,,
,,,,,,,,,,,,,,,,,,,,,,
,,,,,,,,,,,,,,,,,,,,,,
,,,,,,,,,,,,,,,,,,,,,,
,,,,,,,,,,,,,,,,,,,,,,
,,,,,,,,,,,,,,,,,,,,,,
,,,,,,,,,,,,,,,,,,,,,,
,,,,,,,,,,,,,,,,,,,,,,
,,,,,,,,,,,,,,,,,,,,,,
,,,,,,,,,,,,,,,,,,,,,,
,,,,,,,,,,,,,,,,,,,,,,
,,,,,,,,,,,,,,,,,,,,,,
,,,,,,,,,,,,,,,,,,,,,,
,,,,,,,,,,,,,,,,,,,,,,
,,,,,,,,,,,,,,,,,,,,,,
,,,,,,,,,,,,,,,,,,,,,,
,,,,,,,,,,,,,,,,,,,,,,
,,,,,,,,,,,,,,,,,,,,,,
,,,,,,,,,,,,,,,,,,,,,,
,,,,,,,,,,,,,,,,,,,,,,
,,,,,,,,,,,,,,,,,,,,,,
,,,,,,,,,,,,,,,,,,,,,,
,,,,,,,,,,,,,,,,,,,,,,
,,,,,,,,,,,,,,,,,,,,,,
,,,,,,,,,,,,,,,,,,,,,,
,,,,,,,,,,,,,,,,,,,,,,
,,,,,,,,,,,,,,,,,,,,,,
,,,,,,,,,,,,,,,,,,,,,,
,,,,,,,,,,,,,,,,,,,,,,
,,,,,,,,,,,,,,,,,,,,,,
,,,,,,,,,,,,,,,,,,,,,,
,,,,,,,,,,,,,,,,,,,,,,
,,,,,,,,,,,,,,,,,,,,,,
,,,,,,,,,,,,,,,,,,,,,,
,,,,,,,,,,,,,,,,,,,,,,
,,,,,,,,,,,,,,,,,,,,,,
,,,,,,,,,,,,,,,,,,,,,,
,,,,,,,,,,,,,,,,,,,,,,
,,,,,,,,,,,,,,,,,,,,,,
,,,,,,,,,,,,,,,,,,,,,,
,,,,,,,,,,,,,,,,,,,,,,
,,,,,,,,,,,,,,,,,,,,,,
,,,,,,,,,,,,,,,,,,,,,,
,,,,,,,,,,,,,,,,,,,,,,
,,,,,,,,,,,,,,,,,,,,,,
,,,,,,,,,,,,,,,,,,,,,,
,,,,,,,,,,,,,,,,,,,,,,
,,,,,,,,,,,,,,,,,,,,,,
,,,,,,,,,,,,,,,,,,,,,,
,,,,,,,,,,,,,,,,,,,,,,
,,,,,,,,,,,,,,,,,,,,,,
,,,,,,,,,,,,,,,,,,,,,,
,,,,,,,,,,,,,,,,,,,,,,
,,,,,,,,,,,,,,,,,,,,,,
,,,,,,,,,,,,,,,,,,,,,,
,,,,,,,,,,,,,,,,,,,,,,
,,,,,,,,,,,,,,,,,,,,,,
,,,,,,,,,,,,,,,,,,,,,,
,,,,,,,,,,,,,,,,,,,,,,
,,,,,,,,,,,,,,,,,,,,,,
,,,,,,,,,,,,,,,,,,,,,,
,,,,,,,,,,,,,,,,,,,,,,
,,,,,,,,,,,,,,,,,,,,,,
,,,,,,,,,,,,,,,,,,,,,,
,,,,,,,,,,,,,,,,,,,,,,
,,,,,,,,,,,,,,,,,,,,,,
,,,,,,,,,,,,,,,,,,,,,,
,,,,,,,,,,,,,,,,,,,,,,
,,,,,,,,,,,,,,,,,,,,,,
,,,,,,,,,,,,,,,,,,,,,,
,,,,,,,,,,,,,,,,,,,,,,
,,,,,,,,,,,,,,,,,,,,,,
,,,,,,,,,,,,,,,,,,,,,,
,,,,,,,,,,,,,,,,,,,,,,
,,,,,,,,,,,,,,,,,,,,,,
,,,,,,,,,,,,,,,,,,,,,,
,,,,,,,,,,,,,,,,,,,,,,
,,,,,,,,,,,,,,,,,,,,,,
,,,,,,,,,,,,,,,,,,,,,,
,,,,,,,,,,,,,,,,,,,,,,
,,,,,,,,,,,,,,,,,,,,,,
,,,,,,,,,,,,,,,,,,,,,,
,,,,,,,,,,,,,,,,,,,,,,
,,,,,,,,,,,,,,,,,,,,,,
,,,,,,,,,,,,,,,,,,,,,,
,,,,,,,,,,,,,,,,,,,,,,
,,,,,,,,,,,,,,,,,,,,,,
,,,,,,,,,,,,,,,,,,,,,,
,,,,,,,,,,,,,,,,,,,,,,
,,,,,,,,,,,,,,,,,,,,,,
,,,,,,,,,,,,,,,,,,,,,,
,,,,,,,,,,,,,,,,,,,,,,
,,,,,,,,,,,,,,,,,,,,,,
,,,,,,,,,,,,,,,,,,,,,,
,,,,,,,,,,,,,,,,,,,,,,
,,,,,,,,,,,,,,,,,,,,,,
,,,,,,,,,,,,,,,,,,,,,,
,,,,,,,,,,,,,,,,,,,,,,
,,,,,,,,,,,,,,,,,,,,,,
,,,,,,,,,,,,,,,,,,,,,,
,,,,,,,,,,,,,,,,,,,,,,
,,,,,,,,,,,,,,,,,,,,,,
,,,,,,,,,,,,,,,,,,,,,,
,,,,,,,,,,,,,,,,,,,,,,
,,,,,,,,,,,,,,,,,,,,,,
,,,,,,,,,,,,,,,,,,,,,,
,,,,,,,,,,,,,,,,,,,,,,
,,,,,,,,,,,,,,,,,,,,,,
,,,,,,,,,,,,,,,,,,,,,,
,,,,,,,,,,,,,,,,,,,,,,
,,,,,,,,,,,,,,,,,,,,,,
,,,,,,,,,,,,,,,,,,,,,,
,,,,,,,,,,,,,,,,,,,,,,
,,,,,,,,,,,,,,,,,,,,,,
,,,,,,,,,,,,,,,,,,,,,,
,,,,,,,,,,,,,,,,,,,,,,
,,,,,,,,,,,,,,,,,,,,,,
,,,,,,,,,,,,,,,,,,,,,,
,,,,,,,,,,,,,,,,,,,,,,
,,,,,,,,,,,,,,,,,,,,,,
,,,,,,,,,,,,,,,,,,,,,,
,,,,,,,,,,,,,,,,,,,,,,
,,,,,,,,,,,,,,,,,,,,,,
,,,,,,,,,,,,,,,,,,,,,,
,,,,,,,,,,,,,,,,,,,,,,
,,,,,,,,,,,,,,,,,,,,,,
,,,,,,,,,,,,,,,,,,,,,,
,,,,,,,,,,,,,,,,,,,,,,
,,,,,,,,,,,,,,,,,,,,,,
,,,,,,,,,,,,,,,,,,,,,,
,,,,,,,,,,,,,,,,,,,,,,
,,,,,,,,,,,,,,,,,,,,,,
,,,,,,,,,,,,,,,,,,,,,,
,,,,,,,,,,,,,,,,,,,,,,
,,,,,,,,,,,,,,,,,,,,,,
,,,,,,,,,,,,,,,,,,,,,,
,,,,,,,,,,,,,,,,,,,,,,
,,,,,,,,,,,,,,,,,,,,,,
,,,,,,,,,,,,,,,,,,,,,,
,,,,,,,,,,,,,,,,,,,,,,
,,,,,,,,,,,,,,,,,,,,,,
,,,,,,,,,,,,,,,,,,,,,,
,,,,,,,,,,,,,,,,,,,,,,
,,,,,,,,,,,,,,,,,,,,,,
,,,,,,,,,,,,,,,,,,,,,,
,,,,,,,,,,,,,,,,,,,,,,
,,,,,,,,,,,,,,,,,,,,,,
,,,,,,,,,,,,,,,,,,,,,,
,,,,,,,,,,,,,,,,,,,,,,
,,,,,,,,,,,,,,,,,,,,,,
,,,,,,,,,,,,,,,,,,,,,,
,,,,,,,,,,,,,,,,,,,,,,
,,,,,,,,,,,,,,,,,,,,,,
,,,,,,,,,,,,,,,,,,,,,,
,,,,,,,,,,,,,,,,,,,,,,
,,,,,,,,,,,,,,,,,,,,,,
,,,,,,,,,,,,,,,,,,,,,,
,,,,,,,,,,,,,,,,,,,,,,
,,,,,,,,,,,,,,,,,,,,,,
,,,,,,,,,,,,,,,,,,,,,,
,,,,,,,,,,,,,,,,,,,,,,
,,,,,,,,,,,,,,,,,,,,,,
,,,,,,,,,,,,,,,,,,,,,,
,,,,,,,,,,,,,,,,,,,,,,
,,,,,,,,,,,,,,,,,,,,,,
,,,,,,,,,,,,,,,,,,,,,,
,,,,,,,,,,,,,,,,,,,,,,
,,,,,,,,,,,,,,,,,,,,,,
,,,,,,,,,,,,,,,,,,,,,,
,,,,,,,,,,,,,,,,,,,,,,
,,,,,,,,,,,,,,,,,,,,,,
,,,,,,,,,,,,,,,,,,,,,,
,,,,,,,,,,,,,,,,,,,,,,
,,,,,,,,,,,,,,,,,,,,,,
,,,,,,,,,,,,,,,,,,,,,,
,,,,,,,,,,,,,,,,,,,,,,
,,,,,,,,,,,,,,,,,,,,,,
,,,,,,,,,,,,,,,,,,,,,,
,,,,,,,,,,,,,,,,,,,,,,
,,,,,,,,,,,,,,,,,,,,,,
,,,,,,,,,,,,,,,,,,,,,,
,,,,,,,,,,,,,,,,,,,,,,
,,,,,,,,,,,,,,,,,,,,,,
,,,,,,,,,,,,,,,,,,,,,,
,,,,,,,,,,,,,,,,,,,,,,
,,,,,,,,,,,,,,,,,,,,,,
,,,,,,,,,,,,,,,,,,,,,,
,,,,,,,,,,,,,,,,,,,,,,
,,,,,,,,,,,,,,,,,,,,,,
,,,,,,,,,,,,,,,,,,,,,,
,,,,,,,,,,,,,,,,,,,,,,
,,,,,,,,,,,,,,,,,,,,,,
,,,,,,,,,,,,,,,,,,,,,,
,,,,,,,,,,,,,,,,,,,,,,
,,,,,,,,,,,,,,,,,,,,,,
,,,,,,,,,,,,,,,,,,,,,,
,,,,,,,,,,,,,,,,,,,,,,
,,,,,,,,,,,,,,,,,,,,,,
,,,,,,,,,,,,,,,,,,,,,,
,,,,,,,,,,,,,,,,,,,,,,
,,,,,,,,,,,,,,,,,,,,,,
,,,,,,,,,,,,,,,,,,,,,,
,,,,,,,,,,,,,,,,,,,,,,
,,,,,,,,,,,,,,,,,,,,,,
,,,,,,,,,,,,,,,,,,,,,,
,,,,,,,,,,,,,,,,,,,,,,
,,,,,,,,,,,,,,,,,,,,,,
,,,,,,,,,,,,,,,,,,,,,,
,,,,,,,,,,,,,,,,,,,,,,
,,,,,,,,,,,,,,,,,,,,,,
,,,,,,,,,,,,,,,,,,,,,,
,,,,,,,,,,,,,,,,,,,,,,
,,,,,,,,,,,,,,,,,,,,,,
,,,,,,,,,,,,,,,,,,,,,,
,,,,,,,,,,,,,,,,,,,,,,
,,,,,,,,,,,,,,,,,,,,,,
,,,,,,,,,,,,,,,,,,,,,,
,,,,,,,,,,,,,,,,,,,,,,
,,,,,,,,,,,,,,,,,,,,,,
,,,,,,,,,,,,,,,,,,,,,,
,,,,,,,,,,,,,,,,,,,,,,
,,,,,,,,,,,,,,,,,,,,,,
,,,,,,,,,,,,,,,,,,,,,,
,,,,,,,,,,,,,,,,,,,,,,
,,,,,,,,,,,,,,,,,,,,,,
,,,,,,,,,,,,,,,,,,,,,,
,,,,,,,,,,,,,,,,,,,,,,
,,,,,,,,,,,,,,,,,,,,,,
,,,,,,,,,,,,,,,,,,,,,,
,,,,,,,,,,,,,,,,,,,,,,
,,,,,,,,,,,,,,,,,,,,,,
,,,,,,,,,,,,,,,,,,,,,,
,,,,,,,,,,,,,,,,,,,,,,
,,,,,,,,,,,,,,,,,,,,,,
,,,,,,,,,,,,,,,,,,,,,,
,,,,,,,,,,,,,,,,,,,,,,
,,,,,,,,,,,,,,,,,,,,,,
,,,,,,,,,,,,,,,,,,,,,,
,,,,,,,,,,,,,,,,,,,,,,
,,,,,,,,,,,,,,,,,,,,,,
,,,,,,,,,,,,,,,,,,,,,,
,,,,,,,,,,,,,,,,,,,,,,
,,,,,,,,,,,,,,,,,,,,,,
,,,,,,,,,,,,,,,,,,,,,,
,,,,,,,,,,,,,,,,,,,,,,
,,,,,,,,,,,,,,,,,,,,,,
,,,,,,,,,,,,,,,,,,,,,,
,,,,,,,,,,,,,,,,,,,,,,
,,,,,,,,,,,,,,,,,,,,,,
,,,,,,,,,,,,,,,,,,,,,,
,,,,,,,,,,,,,,,,,,,,,,
,,,,,,,,,,,,,,,,,,,,,,
,,,,,,,,,,,,,,,,,,,,,,
,,,,,,,,,,,,,,,,,,,,,,
,,,,,,,,,,,,,,,,,,,,,,
,,,,,,,,,,,,,,,,,,,,,,
,,,,,,,,,,,,,,,,,,,,,,
,,,,,,,,,,,,,,,,,,,,,,
,,,,,,,,,,,,,,,,,,,,,,
,,,,,,,,,,,,,,,,,,,,,,
,,,,,,,,,,,,,,,,,,,,,,
,,,,,,,,,,,,,,,,,,,,,,
,,,,,,,,,,,,,,,,,,,,,,
,,,,,,,,,,,,,,,,,,,,,,
,,,,,,,,,,,,,,,,,,,,,,
,,,,,,,,,,,,,,,,,,,,,,
,,,,,,,,,,,,,,,,,,,,,,
,,,,,,,,,,,,,,,,,,,,,,
,,,,,,,,,,,,,,,,,,,,,,
,,,,,,,,,,,,,,,,,,,,,,
,,,,,,,,,,,,,,,,,,,,,,
,,,,,,,,,,,,,,,,,,,,,,
,,,,,,,,,,,,,,,,,,,,,,
,,,,,,,,,,,,,,,,,,,,,,
,,,,,,,,,,,,,,,,,,,,,,
,,,,,,,,,,,,,,,,,,,,,,
,,,,,,,,,,,,,,,,,,,,,,
,,,,,,,,,,,,,,,,,,,,,,
,,,,,,,,,,,,,,,,,,,,,,
,,,,,,,,,,,,,,,,,,,,,,
,,,,,,,,,,,,,,,,,,,,,,
,,,,,,,,,,,,,,,,,,,,,,
,,,,,,,,,,,,,,,,,,,,,,
,,,,,,,,,,,,,,,,,,,,,,
,,,,,,,,,,,,,,,,,,,,,,
,,,,,,,,,,,,,,,,,,,,,,
,,,,,,,,,,,,,,,,,,,,,,
,,,,,,,,,,,,,,,,,,,,,,
,,,,,,,,,,,,,,,,,,,,,,
,,,,,,,,,,,,,,,,,,,,,,
,,,,,,,,,,,,,,,,,,,,,,
,,,,,,,,,,,,,,,,,,,,,,
,,,,,,,,,,,,,,,,,,,,,,
,,,,,,,,,,,,,,,,,,,,,,
,,,,,,,,,,,,,,,,,,,,,,
,,,,,,,,,,,,,,,,,,,,,,
,,,,,,,,,,,,,,,,,,,,,,
,,,,,,,,,,,,,,,,,,,,,,
,,,,,,,,,,,,,,,,,,,,,,
,,,,,,,,,,,,,,,,,,,,,,
,,,,,,,,,,,,,,,,,,,,,,
,,,,,,,,,,,,,,,,,,,,,,
,,,,,,,,,,,,,,,,,,,,,,
,,,,,,,,,,,,,,,,,,,,,,
,,,,,,,,,,,,,,,,,,,,,,
,,,,,,,,,,,,,,,,,,,,,,
,,,,,,,,,,,,,,,,,,,,,,
,,,,,,,,,,,,,,,,,,,,,,
,,,,,,,,,,,,,,,,,,,,,,
,,,,,,,,,,,,,,,,,,,,,,
,,,,,,,,,,,,,,,,,,,,,,
,,,,,,,,,,,,,,,,,,,,,,
,,,,,,,,,,,,,,,,,,,,,,
,,,,,,,,,,,,,,,,,,,,,,
,,,,,male,,,,,,,,,,,,,,,,,
,,,,,male,,,,,,,,,,,,,,,,,
,,,,,female,,,,,,,,,,,,,,,,,
,,,,,male,,,,,,,,,,,,,,,,,
,,,,,male,,,,,,,,,,,,,,,,,
,,,,,male,,,,,,,,,,,,,,,,,
,,,,,male,,,,,,,,,,,,,,,,,
,,,,,male,,,,,,,,,,,,,,,,,
,,,,,male,,,,,,,,,,,,,,,,,
,,,,,female,,,,,,,,,,,,,,,,,
,,,,,male,,,,,,,,,,,,,,,,,
,,,,,male,,,,,,,,,,,,,,,,,
,,,,,male,,,,,,,,,,,,,,,,,
,,,,,male,,,,,,,,,,,,,,,,,
,,,,,male,,,,,,,,,,,,,,,,,
,,,,,male,,,,,,,,,,,,,,,,,
,,,,,female,,,,,,,,,,,,,,,,,
,,,,,male,,,,,,,,,,,,,,,,,
,,,,,male,,,,,,,,,,,,,,,,,
,,,,,female,,,,,,,,,,,,,,,,,
,,,,,female,,,,,,,,,,,,,,,,,
,,,,,female,,,,,,,,,,,,,,,,,
,,,,,female,,,,,,,,,,,,,,,,,
,,,,,female,,,,,,,,,,,,,,,,,
,,,,,male,,,,,,,,,,,,,,,,,
,,,,,female,,,,,,,,,,,,,,,,,
,,,,,female,,,,,,,,,,,,,,,,,
,,,,,male,,,,,,,,,,,,,,,,,
,,,,,male,,,,,,,,,,,,,,,,,
,,,,,male,,,,,,,,,,,,,,,,,
,,,,,female,,,,,,,,,,,,,,,,,
,,,,,male,,,,,,,,,,,,,,,,,
,,,,,female,,,,,,,,,,,,,,,,,
,,,,,female,,,,,,,,,,,,,,,,,
,,,,,male,,,,,,,,,,,,,,,,,
,,,,,female,,,,,,,,,,,,,,,,,
,,,,,male,,,,,,,,,,,,,,,,,
,,,,,male,,,,,,,,,,,,,,,,,
,,,,,female,,,,,,,,,,,,,,,,,
,,,,,male,,,,,,,,,,,,,,,,,
,,,,,male,,,,,,,,,,,,,,,,,
,,,,,male,,,,,,,,,,,,,,,,,
,,,,,female,,,,,,,,,,,,,,,,,
,,,,,female,,,,,,,,,,,,,,,,,
,,,,,male,,,,,,,,,,,,,,,,,
,,,,,female,,,,,,,,,,,,,,,,,
,,,,,female,,,,,,,,,,,,,,,,,
,,,,,female,,,,,,,,,,,,,,,,,
,,,,,male,,,,,,,,,,,,,,,,,
,,,,,male,,,,,,,,,,,,,,,,,
,,,,,female,,,,,,,,,,,,,,,,,
,,,,,male,,,,,,,,,,,,,,,,,
,,,,,male,,,,,,,,,,,,,,,,,
,,,,,male,,,,,,,,,,,,,,,,,
,,,,,female,,,,,,,,,,,,,,,,,
,,,,,female,,,,,,,,,,,,,,,,,
,,,,,male,,,,,,,,,,,,,,,,,
,,,,,male,,,,,,,,,,,,,,,,,
,,,,,female,,,,,,,,,,,,,,,,,
,,,,,male,,,,,,,,,,,,,,,,,
,,,,,male,,,,,,,,,,,,,,,,,
,,,,,female,,,,,,,,,,,,,,,,,
,,,,,male,,,,,,,,,,,,,,,,,
,,,,,female,,,,,,,,,,,,,,,,,
,,,,,male,,,,,,,,,,,,,,,,,
,,,,,male,,,,,,,,,,,,,,,,,
,,,,,female,,,,,,,,,,,,,,,,,
,,,,,male,,,,,,,,,,,,,,,,,
,,,,,female,,,,,,,,,,,,,,,,,
,,,,,female,,,,,,,,,,,,,,,,,
,,,,,male,,,,,,,,,,,,,,,,,
,,,,,female,,,,,,,,,,,,,,,,,
,,,,,male,,,,,,,,,,,,,,,,,
,,,,,male,,,,,,,,,,,,,,,,,
,,,,,female,,,,,,,,,,,,,,,,,
,,,,,male,,,,,,,,,,,,,,,,,
,,,,,male,,,,,,,,,,,,,,,,,
,,,,,male,,,,,,,,,,,,,,,,,
,,,,,male,,,,,,,,,,,,,,,,,
,,,,,male,,,,,,,,,,,,,,,,,
,,,,,male,,,,,,,,,,,,,,,,,
,,,,,female,,,,,,,,,,,,,,,,,
,,,,,male,,,,,,,,,,,,,,,,,
,,,,,male,,,,,,,,,,,,,,,,,
,,,,,male,,,,,,,,,,,,,,,,,
,,,,,female,,,,,,,,,,,,,,,,,
,,,,,male,,,,,,,,,,,,,,,,,
,,,,,female,,,,,,,,,,,,,,,,,
,,,,,female,,,,,,,,,,,,,,,,,
,,,,,male,,,,,,,,,,,,,,,,,
,,,,,female,,,,,,,,,,,,,,,,,
,,,,,male,,,,,,,,,,,,,,,,,
,,,,,male,,,,,,,,,,,,,,,,,
,,,,,female,,,,,,,,,,,,,,,,,
,,,,,male,,,,,,,,,,,,,,,,,
,,,,,male,,,,,,,,,,,,,,,,,
,,,,,male,,,,,,,,,,,,,,,,,
,,,,,male,,,,,,,,,,,,,,,,,
,,,,,male,,,,,,,,,,,,,,,,,
,,,,,male,,,,,,,,,,,,,,,,,
,,,,,female,,,,,,,,,,,,,,,,,
,,,,,male,,,,,,,,,,,,,,,,,
,,,,,male,,,,,,,,,,,,,,,,,
,,,,,male,,,,,,,,,,,,,,,,,
,,,,,male,,,,,,,,,,,,,,,,,
,,,,,male,,,,,,,,,,,,,,,,,
,,,,,female,,,,,,,,,,,,,,,,,
,,,,,male,,,,,,,,,,,,,,,,,
,,,,,female,,,,,,,,,,,,,,,,,
,,,,,female,,,,,,,,,,,,,,,,,
,,,,,female,,,,,,,,,,,,,,,,,
,,,,,female,,,,,,,,,,,,,,,,,
,,,,,female,,,,,,,,,,,,,,,,,
,,,,,female,,,,,,,,,,,,,,,,,
,,,,,male,,,,,,,,,,,,,,,,,
,,,,,female,,,,,,,,,,,,,,,,,
,,,,,male,,,,,,,,,,,,,,,,,
,,,,,male,,,,,,,,,,,,,,,,,
,,,,,male,,,,,,,,,,,,,,,,,
,,,,,male,,,,,,,,,,,,,,,,,
,,,,,male,,,,,,,,,,,,,,,,,
,,,,,female,,,,,,,,,,,,,,,,,
,,,,,male,,,,,,,,,,,,,,,,,
,,,,,male,,,,,,,,,,,,,,,,,
,,,,,male,,,,,,,,,,,,,,,,,
,,,,,male,,,,,,,,,,,,,,,,,
,,,,,male,,,,,,,,,,,,,,,,,
,,,,,male,,,,,,,,,,,,,,,,,
,,,,,female,,,,,,,,,,,,,,,,,
,,,,,male,,,,,,,,,,,,,,,,,
,,,,,male,,,,,,,,,,,,,,,,,
,,,,,male,,,,,,,,,,,,,,,,,
,,,,,male,,,,,,,,,,,,,,,,,
,,,,,male,,,,,,,,,,,,,,,,,
,,,,,male,,,,,,,,,,,,,,,,,
,,,,,female,,,,,,,,,,,,,,,,,
,,,,,male,,,,,,,,,,,,,,,,,
,,,,,male,,,,,,,,,,,,,,,,,
,,,,,female,,,,,,,,,,,,,,,,,
,,,,,female,,,,,,,,,,,,,,,,,
,,,,,female,,,,,,,,,,,,,,,,,
,,,,,female,,,,,,,,,,,,,,,,,
,,,,,female,,,,,,,,,,,,,,,,,
,,,,,male,,,,,,,,,,,,,,,,,
,,,,,female,,,,,,,,,,,,,,,,,
,,,,,female,,,,,,,,,,,,,,,,,
,,,,,male,,,,,,,,,,,,,,,,,
,,,,,male,,,,,,,,,,,,,,,,,
,,,,,male,,,,,,,,,,,,,,,,,
,,,,,female,,,,,,,,,,,,,,,,,
,,,,,male,,,,,,,,,,,,,,,,,
,,,,,female,,,,,,,,,,,,,,,,,
,,,,,female,,,,,,,,,,,,,,,,,
,,,,,male,,,,,,,,,,,,,,,,,
,,,,,female,,,,,,,,,,,,,,,,,
,,,,,male,,,,,,,,,,,,,,,,,
,,,,,male,,,,,,,,,,,,,,,,,
,,,,,female,,,,,,,,,,,,,,,,,
,,,,,male,,,,,,,,,,,,,,,,,
,,,,,male,,,,,,,,,,,,,,,,,
,,,,,male,,,,,,,,,,,,,,,,,
,,,,,female,,,,,,,,,,,,,,,,,
,,,,,female,,,,,,,,,,,,,,,,,
,,,,,male,,,,,,,,,,,,,,,,,
,,,,,female,,,,,,,,,,,,,,,,,
,,,,,female,,,,,,,,,,,,,,,,,
,,,,,female,,,,,,,,,,,,,,,,,
,,,,,male,,,,,,,,,,,,,,,,,
,,,,,male,,,,,,,,,,,,,,,,,
,,,,,female,,,,,,,,,,,,,,,,,
,,,,,male,,,,,,,,,,,,,,,,,
,,,,,male,,,,,,,,,,,,,,,,,
,,,,,male,,,,,,,,,,,,,,,,,
,,,,,female,,,,,,,,,,,,,,,,,
,,,,,female,,,,,,,,,,,,,,,,,
,,,,,male,,,,,,,,,,,,,,,,,
,,,,,male,,,,,,,,,,,,,,,,,
,,,,,female,,,,,,,,,,,,,,,,,
,,,,,male,,,,,,,,,,,,,,,,,
,,,,,male,,,,,,,,,,,,,,,,,
,,,,,female,,,,,,,,,,,,,,,,,
,,,,,male,,,,,,,,,,,,,,,,,
,,,,,female,,,,,,,,,,,,,,,,,
,,,,,male,,,,,,,,,,,,,,,,,
,,,,,male,,,,,,,,,,,,,,,,,
,,,,,female,,,,,,,,,,,,,,,,,
,,,,,male,,,,,,,,,,,,,,,,,
,,,,,female,,,,,,,,,,,,,,,,,
,,,,,female,,,,,,,,,,,,,,,,,
,,,,,male,,,,,,,,,,,,,,,,,
,,,,,female,,,,,,,,,,,,,,,,,
,,,,,male,,,,,,,,,,,,,,,,,
,,,,,male,,,,,,,,,,,,,,,,,
,,,,,female,,,,,,,,,,,,,,,,,
,,,,,male,,,,,,,,,,,,,,,,,
,,,,,male,,,,,,,,,,,,,,,,,
,,,,,male,,,,,,,,,,,,,,,,,
,,,,,male,,,,,,,,,,,,,,,,,
,,,,,male,,,,,,,,,,,,,,,,,
,,,,,male,,,,,,,,,,,,,,,,,
,,,,,female,,,,,,,,,,,,,,,,,
,,,,,male,,,,,,,,,,,,,,,,,
,,,,,male,,,,,,,,,,,,,,,,,
,,,,,male,,,,,,,,,,,,,,,,,
,,,,,female,,,,,,,,,,,,,,,,,
,,,,,male,,,,,,,,,,,,,,,,,
,,,,,male,,,,,,,,,,,,,,,,,
,,,,,female,,,,,,,,,,,,,,,,,
,,,,,male,,,,,,,,,,,,,,,,,
,,,,,female,,,,,,,,,,,,,,,,,
,,,,,male,,,,,,,,,,,,,,,,,
,,,,,male,,,,,,,,,,,,,,,,,
,,,,,female,,,,,,,,,,,,,,,,,
,,,,,male,,,,,,,,,,,,,,,,,
,,,,,female,,,,,,,,,,,,,,,,,
,,,,,female,,,,,,,,,,,,,,,,,
,,,,,male,,,,,,,,,,,,,,,,,
,,,,,female,,,,,,,,,,,,,,,,,
,,,,,male,,,,,,,,,,,,,,,,,
,,,,,male,,,,,,,,,,,,,,,,,
,,,,,female,,,,,,,,,,,,,,,,,
,,,,,male,,,,,,,,,,,,,,,,,
,,,,,male,,,,,,,,,,,,,,,,,
,,,,,male,,,,,,,,,,,,,,,,,
,,,,,male,,,,,,,,,,,,,,,,,
,,,,,male,,,,,,,,,,,,,,,,,
,,,,,male,,,,,,,,,,,,,,,,,
,,,,,female,,,,,,,,,,,,,,,,,
,,,,,male,,,,,,,,,,,,,,,,,
,,,,,male,,,,,,,,,,,,,,,,,
,,,,,male,,,,,,,,,,,,,,,,,
,,,,,female,,,,,,,,,,,,,,,,,
,,,,,male,,,,,,,,,,,,,,,,,
,,,,,female,,,,,,,,,,,,,,,,,
,,,,,female,,,,,,,,,,,,,,,,,
,,,,,male,,,,,,,,,,,,,,,,,
,,,,,female,,,,,,,,,,,,,,,,,
,,,,,male,,,,,,,,,,,,,,,,,
,,,,,male,,,,,,,,,,,,,,,,,
,,,,,female,,,,,,,,,,,,,,,,,
,,,,,male,,,,,,,,,,,,,,,,,
,,,,,male,,,,,,,,,,,,,,,,,
,,,,,male,,,,,,,,,,,,,,,,,
,,,,,male,,,,,,,,,,,,,,,,,
,,,,,male,,,,,,,,,,,,,,,,,
,,,,,male,,,,,,,,,,,,,,,,,
,,,,,female,,,,,,,,,,,,,,,,,
,,,,,male,,,,,,,,,,,,,,,,,
,,,,,male,,,,,,,,,,,,,,,,,
,,,,,male,,,,,,,,,,,,,,,,,
,,,,,male,,,,,,,,,,,,,,,,,
,,,,,male,,,,,,,,,,,,,,,,,
,,,,,female,,,,,,,,,,,,,,,,,
,,,,,male,,,,,,,,,,,,,,,,,
,,,,,female,,,,,,,,,,,,,,,,,
,,,,,female,,,,,,,,,,,,,,,,,
,,,,,female,,,,,,,,,,,,,,,,,
,,,,,female,,,,,,,,,,,,,,,,,
,,,,,female,,,,,,,,,,,,,,,,,
,,,,,female,,,,,,,,,,,,,,,,,
,,,,,male,,,,,,,,,,,,,,,,,
,,,,,female,,,,,,,,,,,,,,,,,
,,,,,male,,,,,,,,,,,,,,,,,
,,,,,male,,,,,,,,,,,,,,,,,
,,,,,male,,,,,,,,,,,,,,,,,
,,,,,male,,,,,,,,,,,,,,,,,
,,,,,male,,,,,,,,,,,,,,,,,
,,,,,female,,,,,,,,,,,,,,,,,
,,,,,male,,,,,,,,,,,,,,,,,
,,,,,male,,,,,,,,,,,,,,,,,
,,,,,male,,,,,,,,,,,,,,,,,
,,,,,male,,,,,,,,,,,,,,,,,
,,,,,male,,,,,,,,,,,,,,,,,
,,,,,male,,,,,,,,,,,,,,,,,
,,,,,female,,,,,,,,,,,,,,,,,
,,,,,male,,,,,,,,,,,,,,,,,
,,,,,male,,,,,,,,,,,,,,,,,
,,,,,male,,,,,,,,,,,,,,,,,
,,,,,male,,,,,,,,,,,,,,,,,
,,,,,male,,,,,,,,,,,,,,,,,
,,,,,male,,,,,,,,,,,,,,,,,
,,,,,female,,,,,,,,,,,,,,,,,
,,,,,male,,,,,,,,,,,,,,,,,
,,,,,male,,,,,,,,,,,,,,,,,
,,,,,female,,,,,,,,,,,,,,,,,
,,,,,female,,,,,,,,,,,,,,,,,
,,,,,female,,,,,,,,,,,,,,,,,
,,,,,female,,,,,,,,,,,,,,,,,
,,,,,female,,,,,,,,,,,,,,,,,
,,,,,male,,,,,,,,,,,,,,,,,
,,,,,female,,,,,,,,,,,,,,,,,
,,,,,female,,,,,,,,,,,,,,,,,
,,,,,male,,,,,,,,,,,,,,,,,
,,,,,male,,,,,,,,,,,,,,,,,
,,,,,male,,,,,,,,,,,,,,,,,
,,,,,female,,,,,,,,,,,,,,,,,
,,,,,male,,,,,,,,,,,,,,,,,
,,,,,female,,,,,,,,,,,,,,,,,
,,,,,female,,,,,,,,,,,,,,,,,
,,,,,male,,,,,,,,,,,,,,,,,
,,,,,female,,,,,,,,,,,,,,,,,
,,,,,male,,,,,,,,,,,,,,,,,
,,,,,male,,,,,,,,,,,,,,,,,
,,,,,female,,,,,,,,,,,,,,,,,
,,,,,male,,,,,,,,,,,,,,,,,
,,,,,male,,,,,,,,,,,,,,,,,
,,,,,male,,,,,,,,,,,,,,,,,
,,,,,female,,,,,,,,,,,,,,,,,
,,,,,female,,,,,,,,,,,,,,,,,
,,,,,male,,,,,,,,,,,,,,,,,
,,,,,female,,,,,,,,,,,,,,,,,
,,,,,female,,,,,,,,,,,,,,,,,
,,,,,female,,,,,,,,,,,,,,,,,
,,,,,male,,,,,,,,,,,,,,,,,
,,,,,male,,,,,,,,,,,,,,,,,
,,,,,female,,,,,,,,,,,,,,,,,
,,,,,male,,,,,,,,,,,,,,,,,
,,,,,male,,,,,,,,,,,,,,,,,
,,,,,male,,,,,,,,,,,,,,,,,
,,,,,female,,,,,,,,,,,,,,,,,
,,,,,female,,,,,,,,,,,,,,,,,
,,,,,male,,,,,,,,,,,,,,,,,
,,,,,male,,,,,,,,,,,,,,,,,
,,,,,female,,,,,,,,,,,,,,,,,
,,,,,male,,,,,,,,,,,,,,,,,
,,,,,male,,,,,,,,,,,,,,,,,
,,,,,female,,,,,,,,,,,,,,,,,
,,,,,male,,,,,,,,,,,,,,,,,
,,,,,female,,,,,,,,,,,,,,,,,
,,,,,male,,,,,,,,,,,,,,,,,
,,,,,male,,,,,,,,,,,,,,,,,
,,,,,female,,,,,,,,,,,,,,,,,
,,,,,male,,,,,,,,,,,,,,,,,
,,,,,female,,,,,,,,,,,,,,,,,
,,,,,female,,,,,,,,,,,,,,,,,
,,,,,male,,,,,,,,,,,,,,,,,
,,,,,female,,,,,,,,,,,,,,,,,
,,,,,male,,,,,,,,,,,,,,,,,
,,,,,male,,,,,,,,,,,,,,,,,
,,,,,female,,,,,,,,,,,,,,,,,
,,,,,male,,,,,,,,,,,,,,,,,
,,,,,male,,,,,,,,,,,,,,,,,
,,,,,male,,,,,,,,,,,,,,,,,
,,,,,male,,,,,,,,,,,,,,,,,
,,,,,male,,,,,,,,,,,,,,,,,
,,,,,male,,,,,,,,,,,,,,,,,
,,,,,female,,,,,,,,,,,,,,,,,
,,,,,male,,,,,,,,,,,,,,,,,
,,,,,male,,,,,,,,,,,,,,,,,
,,,,,male,,,,,,,,,,,,,,,,,