FirstName,LastName,,,Email,Gender,UserName,DOB,PhoneNo,Country,MiddleName,NokName,NokContactNumber,NokContactEmail,PostalCode,State,StreetAddress,StreetAddressEdit,LoginUserName
noprpt1234567,noprpt1234567,noprpt1234567,@gmail.com,noprpt1234567@gmail.com,female,noprpt1234567,2021-12-18,267777772,Argentina,Leanor,Gardie,2608444766,gcornwall0@netscape.com,361538,Gegharkunik Province,6439 Coolidge Court,2 Darwin Place,ostr1
noprpt1234568,noprpt1234568,noprpt1234568,@gmail.com,noprpt1234568@gmail.com,female,noprpt1234568,2021-12-19,267777773,Argentina,Leanor,Gardie,2608444766,gcornwall0@netscape.com,361538,Gegharkunik Province,6440 Coolidge Court,3 Darwin Place,ostr2
noprpt1234569,noprpt1234569,noprpt1234569,@gmail.com,noprpt1234569@gmail.com,female,noprpt1234569,2021-12-20,267777774,Argentina,Leanor,Gardie,2608444766,gcornwall0@netscape.com,361538,Gegharkunik Province,6441 Coolidge Court,4 Darwin Place,ostr3
noprpt1234570,noprpt1234570,noprpt1234570,@gmail.com,noprpt1234570@gmail.com,female,noprpt1234570,2021-12-21,267777775,Argentina,Leanor,Gardie,2608444766,gcornwall0@netscape.com,361538,Gegharkunik Province,6442 Coolidge Court,5 Darwin Place,ostr4
noprpt1234571,noprpt1234571,noprpt1234571,@gmail.com,noprpt1234571@gmail.com,female,noprpt1234571,2021-12-22,267777776,Argentina,Leanor,Gardie,2608444766,gcornwall0@netscape.com,361538,Gegharkunik Province,6443 Coolidge Court,6 Darwin Place,ostr5
noprpt1234572,noprpt1234572,noprpt1234572,@gmail.com,noprpt1234572@gmail.com,female,noprpt1234572,2021-12-23,267777777,Argentina,Leanor,Gardie,2608444766,gcornwall0@netscape.com,361538,Gegharkunik Province,6444 Coolidge Court,7 Darwin Place,ostr6
noprpt1234573,noprpt1234573,noprpt1234573,@gmail.com,noprpt1234573@gmail.com,female,noprpt1234573,2021-12-24,267777778,Argentina,Leanor,Gardie,2608444766,gcornwall0@netscape.com,361538,Gegharkunik Province,6445 Coolidge Court,8 Darwin Place,ostr7
noprpt1234574,noprpt1234574,noprpt1234574,@gmail.com,noprpt1234574@gmail.com,female,noprpt1234574,2021-12-25,267777779,Argentina,Leanor,Gardie,2608444766,gcornwall0@netscape.com,361538,Gegharkunik Province,6446 Coolidge Court,9 Darwin Place,ostr8
noprpt1234575,noprpt1234575,noprpt1234575,@gmail.com,noprpt1234575@gmail.com,female,noprpt1234575,2021-12-26,267777780,Argentina,Leanor,Gardie,2608444766,gcornwall0@netscape.com,361538,Gegharkunik Province,6447 Coolidge Court,10 Darwin Place,ostr9
noprpt1234576,noprpt1234576,noprpt1234576,@gmail.com,noprpt1234576@gmail.com,female,noprpt1234576,2021-12-27,267777781,Argentina,Leanor,Gardie,2608444766,gcornwall0@netscape.com,361538,Gegharkunik Province,6448 Coolidge Court,11 Darwin Place,ostr10
noprpt1234577,noprpt1234577,noprpt1234577,@gmail.com,noprpt1234577@gmail.com,female,noprpt1234577,2021-12-28,267777782,Argentina,Leanor,Gardie,2608444766,gcornwall0@netscape.com,361538,Gegharkunik Province,6449 Coolidge Court,12 Darwin Place,ostr11
noprpt1234578,noprpt1234578,noprpt1234578,@gmail.com,noprpt1234578@gmail.com,female,noprpt1234578,2021-12-29,267777783,Argentina,Leanor,Gardie,2608444766,gcornwall0@netscape.com,361538,Gegharkunik Province,6450 Coolidge Court,13 Darwin Place,ostr12
noprpt1234579,noprpt1234579,noprpt1234579,@gmail.com,noprpt1234579@gmail.com,female,noprpt1234579,2021-12-30,267777784,Argentina,Leanor,Gardie,2608444766,gcornwall0@netscape.com,361538,Gegharkunik Province,6451 Coolidge Court,14 Darwin Place,ostr13
noprpt1234580,noprpt1234580,noprpt1234580,@gmail.com,noprpt1234580@gmail.com,female,noprpt1234580,2021-12-31,267777785,Argentina,Leanor,Gardie,2608444766,gcornwall0@netscape.com,361538,Gegharkunik Province,6452 Coolidge Court,15 Darwin Place,ostr14
noprpt1234581,noprpt1234581,noprpt1234581,@gmail.com,noprpt1234581@gmail.com,female,noprpt1234581,2022-01-01,267777786,Argentina,Leanor,Gardie,2608444766,gcornwall0@netscape.com,361538,Gegharkunik Province,6453 Coolidge Court,16 Darwin Place,ostr15
noprpt1234582,noprpt1234582,noprpt1234582,@gmail.com,noprpt1234582@gmail.com,female,noprpt1234582,2022-01-02,267777787,Argentina,Leanor,Gardie,2608444766,gcornwall0@netscape.com,361538,Gegharkunik Province,6454 Coolidge Court,17 Darwin Place,ostr16
noprpt1234583,noprpt1234583,noprpt1234583,@gmail.com,noprpt1234583@gmail.com,female,noprpt1234583,2022-01-03,267777788,Argentina,Leanor,Gardie,2608444766,gcornwall0@netscape.com,361538,Gegharkunik Province,6455 Coolidge Court,18 Darwin Place,ostr17
noprpt1234584,noprpt1234584,noprpt1234584,@gmail.com,noprpt1234584@gmail.com,female,noprpt1234584,2022-01-04,267777789,Argentina,Leanor,Gardie,2608444766,gcornwall0@netscape.com,361538,Gegharkunik Province,6456 Coolidge Court,19 Darwin Place,ostr18
noprpt1234585,noprpt1234585,noprpt1234585,@gmail.com,noprpt1234585@gmail.com,female,noprpt1234585,2022-01-05,267777790,Argentina,Leanor,Gardie,2608444766,gcornwall0@netscape.com,361538,Gegharkunik Province,6457 Coolidge Court,20 Darwin Place,ostr19
noprpt1234586,noprpt1234586,noprpt1234586,@gmail.com,noprpt1234586@gmail.com,female,noprpt1234586,2022-01-06,267777791,Argentina,Leanor,Gardie,2608444766,gcornwall0@netscape.com,361538,Gegharkunik Province,6458 Coolidge Court,21 Darwin Place,ostr20
noprpt1234587,noprpt1234587,noprpt1234587,@gmail.com,noprpt1234587@gmail.com,female,noprpt1234587,2022-01-07,267777792,Argentina,Leanor,Gardie,2608444766,gcornwall0@netscape.com,361538,Gegharkunik Province,6459 Coolidge Court,22 Darwin Place,ostr21
noprpt1234588,noprpt1234588,noprpt1234588,@gmail.com,noprpt1234588@gmail.com,female,noprpt1234588,2022-01-08,267777793,Argentina,Leanor,Gardie,2608444766,gcornwall0@netscape.com,361538,Gegharkunik Province,6460 Coolidge Court,23 Darwin Place,ostr22
noprpt1234589,noprpt1234589,noprpt1234589,@gmail.com,noprpt1234589@gmail.com,female,noprpt1234589,2022-01-09,267777794,Argentina,Leanor,Gardie,2608444766,gcornwall0@netscape.com,361538,Gegharkunik Province,6461 Coolidge Court,24 Darwin Place,ostr23
noprpt1234590,noprpt1234590,noprpt1234590,@gmail.com,noprpt1234590@gmail.com,female,noprpt1234590,2022-01-10,267777795,Argentina,Leanor,Gardie,2608444766,gcornwall0@netscape.com,361538,Gegharkunik Province,6462 Coolidge Court,25 Darwin Place,ostr24
noprpt1234591,noprpt1234591,noprpt1234591,@gmail.com,noprpt1234591@gmail.com,female,noprpt1234591,2022-01-11,267777796,Argentina,Leanor,Gardie,2608444766,gcornwall0@netscape.com,361538,Gegharkunik Province,6463 Coolidge Court,26 Darwin Place,ostr25
noprpt1234592,noprpt1234592,noprpt1234592,@gmail.com,noprpt1234592@gmail.com,female,noprpt1234592,2022-01-12,267777797,Argentina,Leanor,Gardie,2608444766,gcornwall0@netscape.com,361538,Gegharkunik Province,6464 Coolidge Court,27 Darwin Place,ostr26
noprpt1234593,noprpt1234593,noprpt1234593,@gmail.com,noprpt1234593@gmail.com,female,noprpt1234593,2022-01-13,267777798,Argentina,Leanor,Gardie,2608444766,gcornwall0@netscape.com,361538,Gegharkunik Province,6465 Coolidge Court,28 Darwin Place,ostr27
noprpt1234594,noprpt1234594,noprpt1234594,@gmail.com,noprpt1234594@gmail.com,female,noprpt1234594,2022-01-14,267777799,Argentina,Leanor,Gardie,2608444766,gcornwall0@netscape.com,361538,Gegharkunik Province,6466 Coolidge Court,29 Darwin Place,ostr28
noprpt1234595,noprpt1234595,noprpt1234595,@gmail.com,noprpt1234595@gmail.com,female,noprpt1234595,2022-01-15,267777800,Argentina,Leanor,Gardie,2608444766,gcornwall0@netscape.com,361538,Gegharkunik Province,6467 Coolidge Court,30 Darwin Place,ostr29
noprpt1234596,noprpt1234596,noprpt1234596,@gmail.com,noprpt1234596@gmail.com,female,noprpt1234596,2022-01-16,267777801,Argentina,Leanor,Gardie,2608444766,gcornwall0@netscape.com,361538,Gegharkunik Province,6468 Coolidge Court,31 Darwin Place,ostr30
noprpt1234597,noprpt1234597,noprpt1234597,@gmail.com,noprpt1234597@gmail.com,female,noprpt1234597,2022-01-17,267777802,Argentina,Leanor,Gardie,2608444766,gcornwall0@netscape.com,361538,Gegharkunik Province,6469 Coolidge Court,32 Darwin Place,ostr31
noprpt1234598,noprpt1234598,noprpt1234598,@gmail.com,noprpt1234598@gmail.com,female,noprpt1234598,2022-01-18,267777803,Argentina,Leanor,Gardie,2608444766,gcornwall0@netscape.com,361538,Gegharkunik Province,6470 Coolidge Court,33 Darwin Place,ostr32
noprpt1234599,noprpt1234599,noprpt1234599,@gmail.com,noprpt1234599@gmail.com,female,noprpt1234599,2022-01-19,267777804,Argentina,Leanor,Gardie,2608444766,gcornwall0@netscape.com,361538,Gegharkunik Province,6471 Coolidge Court,34 Darwin Place,ostr33
noprpt1234600,noprpt1234600,noprpt1234600,@gmail.com,noprpt1234600@gmail.com,female,noprpt1234600,2022-01-20,267777805,Argentina,Leanor,Gardie,2608444766,gcornwall0@netscape.com,361538,Gegharkunik Province,6472 Coolidge Court,35 Darwin Place,ostr34
noprpt1234601,noprpt1234601,noprpt1234601,@gmail.com,noprpt1234601@gmail.com,female,noprpt1234601,2022-01-21,267777806,Argentina,Leanor,Gardie,2608444766,gcornwall0@netscape.com,361538,Gegharkunik Province,6473 Coolidge Court,36 Darwin Place,ostr35
noprpt1234602,noprpt1234602,noprpt1234602,@gmail.com,noprpt1234602@gmail.com,female,noprpt1234602,2022-01-22,267777807,Argentina,Leanor,Gardie,2608444766,gcornwall0@netscape.com,361538,Gegharkunik Province,6474 Coolidge Court,37 Darwin Place,ostr36
noprpt1234603,noprpt1234603,noprpt1234603,@gmail.com,noprpt1234603@gmail.com,female,noprpt1234603,2022-01-23,267777808,Argentina,Leanor,Gardie,2608444766,gcornwall0@netscape.com,361538,Gegharkunik Province,6475 Coolidge Court,38 Darwin Place,ostr37
noprpt1234604,noprpt1234604,noprpt1234604,@gmail.com,noprpt1234604@gmail.com,female,noprpt1234604,2022-01-24,267777809,Argentina,Leanor,Gardie,2608444766,gcornwall0@netscape.com,361538,Gegharkunik Province,6476 Coolidge Court,39 Darwin Place,ostr38
noprpt1234605,noprpt1234605,noprpt1234605,@gmail.com,noprpt1234605@gmail.com,female,noprpt1234605,2022-01-25,267777810,Argentina,Leanor,Gardie,2608444766,gcornwall0@netscape.com,361538,Gegharkunik Province,6477 Coolidge Court,40 Darwin Place,ostr39
noprpt1234606,noprpt1234606,noprpt1234606,@gmail.com,noprpt1234606@gmail.com,female,noprpt1234606,2022-01-26,267777811,Argentina,Leanor,Gardie,2608444766,gcornwall0@netscape.com,361538,Gegharkunik Province,6478 Coolidge Court,41 Darwin Place,ostr40
noprpt1234607,noprpt1234607,noprpt1234607,@gmail.com,noprpt1234607@gmail.com,female,noprpt1234607,2022-01-27,267777812,Argentina,Leanor,Gardie,2608444766,gcornwall0@netscape.com,361538,Gegharkunik Province,6479 Coolidge Court,42 Darwin Place,ostr41
noprpt1234608,noprpt1234608,noprpt1234608,@gmail.com,noprpt1234608@gmail.com,female,noprpt1234608,2022-01-28,267777813,Argentina,Leanor,Gardie,2608444766,gcornwall0@netscape.com,361538,Gegharkunik Province,6480 Coolidge Court,43 Darwin Place,ostr42
noprpt1234609,noprpt1234609,noprpt1234609,@gmail.com,noprpt1234609@gmail.com,female,noprpt1234609,2022-01-29,267777814,Argentina,Leanor,Gardie,2608444766,gcornwall0@netscape.com,361538,Gegharkunik Province,6481 Coolidge Court,44 Darwin Place,ostr43
noprpt1234610,noprpt1234610,noprpt1234610,@gmail.com,noprpt1234610@gmail.com,female,noprpt1234610,2022-01-30,267777815,Argentina,Leanor,Gardie,2608444766,gcornwall0@netscape.com,361538,Gegharkunik Province,6482 Coolidge Court,45 Darwin Place,ostr44
noprpt1234611,noprpt1234611,noprpt1234611,@gmail.com,noprpt1234611@gmail.com,female,noprpt1234611,2022-01-31,267777816,Argentina,Leanor,Gardie,2608444766,gcornwall0@netscape.com,361538,Gegharkunik Province,6483 Coolidge Court,46 Darwin Place,ostr45
noprpt1234612,noprpt1234612,noprpt1234612,@gmail.com,noprpt1234612@gmail.com,female,noprpt1234612,2022-02-01,267777817,Argentina,Leanor,Gardie,2608444766,gcornwall0@netscape.com,361538,Gegharkunik Province,6484 Coolidge Court,47 Darwin Place,ostr46
noprpt1234613,noprpt1234613,noprpt1234613,@gmail.com,noprpt1234613@gmail.com,female,noprpt1234613,2022-02-02,267777818,Argentina,Leanor,Gardie,2608444766,gcornwall0@netscape.com,361538,Gegharkunik Province,6485 Coolidge Court,48 Darwin Place,ostr47
noprpt1234614,noprpt1234614,noprpt1234614,@gmail.com,noprpt1234614@gmail.com,female,noprpt1234614,2022-02-03,267777819,Argentina,Leanor,Gardie,2608444766,gcornwall0@netscape.com,361538,Gegharkunik Province,6486 Coolidge Court,49 Darwin Place,ostr48
noprpt1234615,noprpt1234615,noprpt1234615,@gmail.com,noprpt1234615@gmail.com,female,noprpt1234615,2022-02-04,267777820,Argentina,Leanor,Gardie,2608444766,gcornwall0@netscape.com,361538,Gegharkunik Province,6487 Coolidge Court,50 Darwin Place,ostr49
noprpt1234616,noprpt1234616,noprpt1234616,@gmail.com,noprpt1234616@gmail.com,female,noprpt1234616,2022-02-05,267777821,Argentina,Leanor,Gardie,2608444766,gcornwall0@netscape.com,361538,Gegharkunik Province,6488 Coolidge Court,51 Darwin Place,ostr50
noprpt1234617,noprpt1234617,noprpt1234617,@gmail.com,noprpt1234617@gmail.com,female,noprpt1234617,2022-02-06,267777822,Argentina,Leanor,Gardie,2608444766,gcornwall0@netscape.com,361538,Gegharkunik Province,6489 Coolidge Court,52 Darwin Place,ostr51
noprpt1234618,noprpt1234618,noprpt1234618,@gmail.com,noprpt1234618@gmail.com,female,noprpt1234618,2022-02-07,267777823,Argentina,Leanor,Gardie,2608444766,gcornwall0@netscape.com,361538,Gegharkunik Province,6490 Coolidge Court,53 Darwin Place,ostr52
noprpt1234619,noprpt1234619,noprpt1234619,@gmail.com,noprpt1234619@gmail.com,female,noprpt1234619,2022-02-08,267777824,Argentina,Leanor,Gardie,2608444766,gcornwall0@netscape.com,361538,Gegharkunik Province,6491 Coolidge Court,54 Darwin Place,ostr53
noprpt1234620,noprpt1234620,noprpt1234620,@gmail.com,noprpt1234620@gmail.com,female,noprpt1234620,2022-02-09,267777825,Argentina,Leanor,Gardie,2608444766,gcornwall0@netscape.com,361538,Gegharkunik Province,6492 Coolidge Court,55 Darwin Place,ostr54
noprpt1234621,noprpt1234621,noprpt1234621,@gmail.com,noprpt1234621@gmail.com,female,noprpt1234621,2022-02-10,267777826,Argentina,Leanor,Gardie,2608444766,gcornwall0@netscape.com,361538,Gegharkunik Province,6493 Coolidge Court,56 Darwin Place,ostr55
noprpt1234622,noprpt1234622,noprpt1234622,@gmail.com,noprpt1234622@gmail.com,female,noprpt1234622,2022-02-11,267777827,Argentina,Leanor,Gardie,2608444766,gcornwall0@netscape.com,361538,Gegharkunik Province,6494 Coolidge Court,57 Darwin Place,ostr56
noprpt1234623,noprpt1234623,noprpt1234623,@gmail.com,noprpt1234623@gmail.com,female,noprpt1234623,2022-02-12,267777828,Argentina,Leanor,Gardie,2608444766,gcornwall0@netscape.com,361538,Gegharkunik Province,6495 Coolidge Court,58 Darwin Place,ostr57
noprpt1234624,noprpt1234624,noprpt1234624,@gmail.com,noprpt1234624@gmail.com,female,noprpt1234624,2022-02-13,267777829,Argentina,Leanor,Gardie,2608444766,gcornwall0@netscape.com,361538,Gegharkunik Province,6496 Coolidge Court,59 Darwin Place,ostr58
noprpt1234625,noprpt1234625,noprpt1234625,@gmail.com,noprpt1234625@gmail.com,female,noprpt1234625,2022-02-14,267777830,Argentina,Leanor,Gardie,2608444766,gcornwall0@netscape.com,361538,Gegharkunik Province,6497 Coolidge Court,60 Darwin Place,ostr59
noprpt1234626,noprpt1234626,noprpt1234626,@gmail.com,noprpt1234626@gmail.com,female,noprpt1234626,2022-02-15,267777831,Argentina,Leanor,Gardie,2608444766,gcornwall0@netscape.com,361538,Gegharkunik Province,6498 Coolidge Court,61 Darwin Place,ostr60
noprpt1234627,noprpt1234627,noprpt1234627,@gmail.com,noprpt1234627@gmail.com,female,noprpt1234627,2022-02-16,267777832,Argentina,Leanor,Gardie,2608444766,gcornwall0@netscape.com,361538,Gegharkunik Province,6499 Coolidge Court,62 Darwin Place,ostr61
noprpt1234628,noprpt1234628,noprpt1234628,@gmail.com,noprpt1234628@gmail.com,female,noprpt1234628,2022-02-17,267777833,Argentina,Leanor,Gardie,2608444766,gcornwall0@netscape.com,361538,Gegharkunik Province,6500 Coolidge Court,63 Darwin Place,ostr62
noprpt1234629,noprpt1234629,noprpt1234629,@gmail.com,noprpt1234629@gmail.com,female,noprpt1234629,2022-02-18,267777834,Argentina,Leanor,Gardie,2608444766,gcornwall0@netscape.com,361538,Gegharkunik Province,6501 Coolidge Court,64 Darwin Place,ostr63
noprpt1234630,noprpt1234630,noprpt1234630,@gmail.com,noprpt1234630@gmail.com,female,noprpt1234630,2022-02-19,267777835,Argentina,Leanor,Gardie,2608444766,gcornwall0@netscape.com,361538,Gegharkunik Province,6502 Coolidge Court,65 Darwin Place,ostr64
noprpt1234631,noprpt1234631,noprpt1234631,@gmail.com,noprpt1234631@gmail.com,female,noprpt1234631,2022-02-20,267777836,Argentina,Leanor,Gardie,2608444766,gcornwall0@netscape.com,361538,Gegharkunik Province,6503 Coolidge Court,66 Darwin Place,ostr65
noprpt1234632,noprpt1234632,noprpt1234632,@gmail.com,noprpt1234632@gmail.com,female,noprpt1234632,2022-02-21,267777837,Argentina,Leanor,Gardie,2608444766,gcornwall0@netscape.com,361538,Gegharkunik Province,6504 Coolidge Court,67 Darwin Place,ostr66
noprpt1234633,noprpt1234633,noprpt1234633,@gmail.com,noprpt1234633@gmail.com,female,noprpt1234633,2022-02-22,267777838,Argentina,Leanor,Gardie,2608444766,gcornwall0@netscape.com,361538,Gegharkunik Province,6505 Coolidge Court,68 Darwin Place,ostr67
noprpt1234634,noprpt1234634,noprpt1234634,@gmail.com,noprpt1234634@gmail.com,female,noprpt1234634,2022-02-23,267777839,Argentina,Leanor,Gardie,2608444766,gcornwall0@netscape.com,361538,Gegharkunik Province,6506 Coolidge Court,69 Darwin Place,ostr68
noprpt1234635,noprpt1234635,noprpt1234635,@gmail.com,noprpt1234635@gmail.com,female,noprpt1234635,2022-02-24,267777840,Argentina,Leanor,Gardie,2608444766,gcornwall0@netscape.com,361538,Gegharkunik Province,6507 Coolidge Court,70 Darwin Place,ostr69
noprpt1234636,noprpt1234636,noprpt1234636,@gmail.com,noprpt1234636@gmail.com,female,noprpt1234636,2022-02-25,267777841,Argentina,Leanor,Gardie,2608444766,gcornwall0@netscape.com,361538,Gegharkunik Province,6508 Coolidge Court,71 Darwin Place,ostr70
noprpt1234637,noprpt1234637,noprpt1234637,@gmail.com,noprpt1234637@gmail.com,female,noprpt1234637,2022-02-26,267777842,Argentina,Leanor,Gardie,2608444766,gcornwall0@netscape.com,361538,Gegharkunik Province,6509 Coolidge Court,72 Darwin Place,ostr71
noprpt1234638,noprpt1234638,noprpt1234638,@gmail.com,noprpt1234638@gmail.com,female,noprpt1234638,2022-02-27,267777843,Argentina,Leanor,Gardie,2608444766,gcornwall0@netscape.com,361538,Gegharkunik Province,6510 Coolidge Court,73 Darwin Place,ostr72
noprpt1234639,noprpt1234639,noprpt1234639,@gmail.com,noprpt1234639@gmail.com,female,noprpt1234639,2022-02-28,267777844,Argentina,Leanor,Gardie,2608444766,gcornwall0@netscape.com,361538,Gegharkunik Province,6511 Coolidge Court,74 Darwin Place,ostr73
noprpt1234640,noprpt1234640,noprpt1234640,@gmail.com,noprpt1234640@gmail.com,female,noprpt1234640,2022-03-01,267777845,Argentina,Leanor,Gardie,2608444766,gcornwall0@netscape.com,361538,Gegharkunik Province,6512 Coolidge Court,75 Darwin Place,ostr74
noprpt1234641,noprpt1234641,noprpt1234641,@gmail.com,noprpt1234641@gmail.com,female,noprpt1234641,2022-03-02,267777846,Argentina,Leanor,Gardie,2608444766,gcornwall0@netscape.com,361538,Gegharkunik Province,6513 Coolidge Court,76 Darwin Place,ostr75
noprpt1234642,noprpt1234642,noprpt1234642,@gmail.com,noprpt1234642@gmail.com,female,noprpt1234642,2022-03-03,267777847,Argentina,Leanor,Gardie,2608444766,gcornwall0@netscape.com,361538,Gegharkunik Province,6514 Coolidge Court,77 Darwin Place,ostr76
noprpt1234643,noprpt1234643,noprpt1234643,@gmail.com,noprpt1234643@gmail.com,female,noprpt1234643,2022-03-04,267777848,Argentina,Leanor,Gardie,2608444766,gcornwall0@netscape.com,361538,Gegharkunik Province,6515 Coolidge Court,78 Darwin Place,ostr77
noprpt1234644,noprpt1234644,noprpt1234644,@gmail.com,noprpt1234644@gmail.com,female,noprpt1234644,2022-03-05,267777849,Argentina,Leanor,Gardie,2608444766,gcornwall0@netscape.com,361538,Gegharkunik Province,6516 Coolidge Court,79 Darwin Place,ostr78
noprpt1234645,noprpt1234645,noprpt1234645,@gmail.com,noprpt1234645@gmail.com,female,noprpt1234645,2022-03-06,267777850,Argentina,Leanor,Gardie,2608444766,gcornwall0@netscape.com,361538,Gegharkunik Province,6517 Coolidge Court,80 Darwin Place,ostr79
noprpt1234646,noprpt1234646,noprpt1234646,@gmail.com,noprpt1234646@gmail.com,female,noprpt1234646,2022-03-07,267777851,Argentina,Leanor,Gardie,2608444766,gcornwall0@netscape.com,361538,Gegharkunik Province,6518 Coolidge Court,81 Darwin Place,ostr80
noprpt1234647,noprpt1234647,noprpt1234647,@gmail.com,noprpt1234647@gmail.com,female,noprpt1234647,2022-03-08,267777852,Argentina,Leanor,Gardie,2608444766,gcornwall0@netscape.com,361538,Gegharkunik Province,6519 Coolidge Court,82 Darwin Place,ostr81
noprpt1234648,noprpt1234648,noprpt1234648,@gmail.com,noprpt1234648@gmail.com,female,noprpt1234648,2022-03-09,267777853,Argentina,Leanor,Gardie,2608444766,gcornwall0@netscape.com,361538,Gegharkunik Province,6520 Coolidge Court,83 Darwin Place,ostr82
noprpt1234649,noprpt1234649,noprpt1234649,@gmail.com,noprpt1234649@gmail.com,female,noprpt1234649,2022-03-10,267777854,Argentina,Leanor,Gardie,2608444766,gcornwall0@netscape.com,361538,Gegharkunik Province,6521 Coolidge Court,84 Darwin Place,ostr83
noprpt1234650,noprpt1234650,noprpt1234650,@gmail.com,noprpt1234650@gmail.com,female,noprpt1234650,2022-03-11,267777855,Argentina,Leanor,Gardie,2608444766,gcornwall0@netscape.com,361538,Gegharkunik Province,6522 Coolidge Court,85 Darwin Place,ostr84
noprpt1234651,noprpt1234651,noprpt1234651,@gmail.com,noprpt1234651@gmail.com,female,noprpt1234651,2022-03-12,267777856,Argentina,Leanor,Gardie,2608444766,gcornwall0@netscape.com,361538,Gegharkunik Province,6523 Coolidge Court,86 Darwin Place,ostr85
noprpt1234652,noprpt1234652,noprpt1234652,@gmail.com,noprpt1234652@gmail.com,female,noprpt1234652,2022-03-13,267777857,Argentina,Leanor,Gardie,2608444766,gcornwall0@netscape.com,361538,Gegharkunik Province,6524 Coolidge Court,87 Darwin Place,ostr86
noprpt1234653,noprpt1234653,noprpt1234653,@gmail.com,noprpt1234653@gmail.com,female,noprpt1234653,2022-03-14,267777858,Argentina,Leanor,Gardie,2608444766,gcornwall0@netscape.com,361538,Gegharkunik Province,6525 Coolidge Court,88 Darwin Place,ostr87
noprpt1234654,noprpt1234654,noprpt1234654,@gmail.com,noprpt1234654@gmail.com,female,noprpt1234654,2022-03-15,267777859,Argentina,Leanor,Gardie,2608444766,gcornwall0@netscape.com,361538,Gegharkunik Province,6526 Coolidge Court,89 Darwin Place,ostr88
noprpt1234655,noprpt1234655,noprpt1234655,@gmail.com,noprpt1234655@gmail.com,female,noprpt1234655,2022-03-16,267777860,Argentina,Leanor,Gardie,2608444766,gcornwall0@netscape.com,361538,Gegharkunik Province,6527 Coolidge Court,90 Darwin Place,ostr89
noprpt1234656,noprpt1234656,noprpt1234656,@gmail.com,noprpt1234656@gmail.com,female,noprpt1234656,2022-03-17,267777861,Argentina,Leanor,Gardie,2608444766,gcornwall0@netscape.com,361538,Gegharkunik Province,6528 Coolidge Court,91 Darwin Place,ostr90
noprpt1234657,noprpt1234657,noprpt1234657,@gmail.com,noprpt1234657@gmail.com,female,noprpt1234657,2022-03-18,267777862,Argentina,Leanor,Gardie,2608444766,gcornwall0@netscape.com,361538,Gegharkunik Province,6529 Coolidge Court,92 Darwin Place,ostr91
noprpt1234658,noprpt1234658,noprpt1234658,@gmail.com,noprpt1234658@gmail.com,female,noprpt1234658,2022-03-19,267777863,Argentina,Leanor,Gardie,2608444766,gcornwall0@netscape.com,361538,Gegharkunik Province,6530 Coolidge Court,93 Darwin Place,ostr92
noprpt1234659,noprpt1234659,noprpt1234659,@gmail.com,noprpt1234659@gmail.com,female,noprpt1234659,2022-03-20,267777864,Argentina,Leanor,Gardie,2608444766,gcornwall0@netscape.com,361538,Gegharkunik Province,6531 Coolidge Court,94 Darwin Place,ostr93
noprpt1234660,noprpt1234660,noprpt1234660,@gmail.com,noprpt1234660@gmail.com,female,noprpt1234660,2022-03-21,267777865,Argentina,Leanor,Gardie,2608444766,gcornwall0@netscape.com,361538,Gegharkunik Province,6532 Coolidge Court,95 Darwin Place,ostr94
noprpt1234661,noprpt1234661,noprpt1234661,@gmail.com,noprpt1234661@gmail.com,female,noprpt1234661,2022-03-22,267777866,Argentina,Leanor,Gardie,2608444766,gcornwall0@netscape.com,361538,Gegharkunik Province,6533 Coolidge Court,96 Darwin Place,ostr95
noprpt1234662,noprpt1234662,noprpt1234662,@gmail.com,noprpt1234662@gmail.com,female,noprpt1234662,2022-03-23,267777867,Argentina,Leanor,Gardie,2608444766,gcornwall0@netscape.com,361538,Gegharkunik Province,6534 Coolidge Court,97 Darwin Place,ostr96
noprpt1234663,noprpt1234663,noprpt1234663,@gmail.com,noprpt1234663@gmail.com,female,noprpt1234663,2022-03-24,267777868,Argentina,Leanor,Gardie,2608444766,gcornwall0@netscape.com,361538,Gegharkunik Province,6535 Coolidge Court,98 Darwin Place,ostr97
noprpt1234664,noprpt1234664,noprpt1234664,@gmail.com,noprpt1234664@gmail.com,female,noprpt1234664,2022-03-25,267777869,Argentina,Leanor,Gardie,2608444766,gcornwall0@netscape.com,361538,Gegharkunik Province,6536 Coolidge Court,99 Darwin Place,ostr98
noprpt1234665,noprpt1234665,noprpt1234665,@gmail.com,noprpt1234665@gmail.com,female,noprpt1234665,2022-03-26,267777870,Argentina,Leanor,Gardie,2608444766,gcornwall0@netscape.com,361538,Gegharkunik Province,6537 Coolidge Court,100 Darwin Place,ostr99
noprpt1234666,noprpt1234666,noprpt1234666,@gmail.com,noprpt1234666@gmail.com,female,noprpt1234666,2022-03-27,267777871,Argentina,Leanor,Gardie,2608444766,gcornwall0@netscape.com,361538,Gegharkunik Province,6538 Coolidge Court,101 Darwin Place,ostr100
noprpt1234667,noprpt1234667,noprpt1234667,@gmail.com,noprpt1234667@gmail.com,female,noprpt1234667,2022-03-28,267777872,Argentina,Leanor,Gardie,2608444766,gcornwall0@netscape.com,361538,Gegharkunik Province,6539 Coolidge Court,102 Darwin Place,ostr101
noprpt1234668,noprpt1234668,noprpt1234668,@gmail.com,noprpt1234668@gmail.com,female,noprpt1234668,2022-03-29,267777873,Argentina,Leanor,Gardie,2608444766,gcornwall0@netscape.com,361538,Gegharkunik Province,6540 Coolidge Court,103 Darwin Place,ostr102
noprpt1234669,noprpt1234669,noprpt1234669,@gmail.com,noprpt1234669@gmail.com,female,noprpt1234669,2022-03-30,267777874,Argentina,Leanor,Gardie,2608444766,gcornwall0@netscape.com,361538,Gegharkunik Province,6541 Coolidge Court,104 Darwin Place,ostr103
noprpt1234670,noprpt1234670,noprpt1234670,@gmail.com,noprpt1234670@gmail.com,female,noprpt1234670,2022-03-31,267777875,Argentina,Leanor,Gardie,2608444766,gcornwall0@netscape.com,361538,Gegharkunik Province,6542 Coolidge Court,105 Darwin Place,ostr104
noprpt1234671,noprpt1234671,noprpt1234671,@gmail.com,noprpt1234671@gmail.com,female,noprpt1234671,2022-04-01,267777876,Argentina,Leanor,Gardie,2608444766,gcornwall0@netscape.com,361538,Gegharkunik Province,6543 Coolidge Court,106 Darwin Place,ostr105
noprpt1234672,noprpt1234672,noprpt1234672,@gmail.com,noprpt1234672@gmail.com,female,noprpt1234672,2022-04-02,267777877,Argentina,Leanor,Gardie,2608444766,gcornwall0@netscape.com,361538,Gegharkunik Province,6544 Coolidge Court,107 Darwin Place,ostr106
noprpt1234673,noprpt1234673,noprpt1234673,@gmail.com,noprpt1234673@gmail.com,female,noprpt1234673,2022-04-03,267777878,Argentina,Leanor,Gardie,2608444766,gcornwall0@netscape.com,361538,Gegharkunik Province,6545 Coolidge Court,108 Darwin Place,ostr107
noprpt1234674,noprpt1234674,noprpt1234674,@gmail.com,noprpt1234674@gmail.com,female,noprpt1234674,2022-04-04,267777879,Argentina,Leanor,Gardie,2608444766,gcornwall0@netscape.com,361538,Gegharkunik Province,6546 Coolidge Court,109 Darwin Place,ostr108
noprpt1234675,noprpt1234675,noprpt1234675,@gmail.com,noprpt1234675@gmail.com,female,noprpt1234675,2022-04-05,267777880,Argentina,Leanor,Gardie,2608444766,gcornwall0@netscape.com,361538,Gegharkunik Province,6547 Coolidge Court,110 Darwin Place,ostr109
noprpt1234676,noprpt1234676,noprpt1234676,@gmail.com,noprpt1234676@gmail.com,female,noprpt1234676,2022-04-06,267777881,Argentina,Leanor,Gardie,2608444766,gcornwall0@netscape.com,361538,Gegharkunik Province,6548 Coolidge Court,111 Darwin Place,ostr110
noprpt1234677,noprpt1234677,noprpt1234677,@gmail.com,noprpt1234677@gmail.com,female,noprpt1234677,2022-04-07,267777882,Argentina,Leanor,Gardie,2608444766,gcornwall0@netscape.com,361538,Gegharkunik Province,6549 Coolidge Court,112 Darwin Place,ostr111
noprpt1234678,noprpt1234678,noprpt1234678,@gmail.com,noprpt1234678@gmail.com,female,noprpt1234678,2022-04-08,267777883,Argentina,Leanor,Gardie,2608444766,gcornwall0@netscape.com,361538,Gegharkunik Province,6550 Coolidge Court,113 Darwin Place,ostr112
noprpt1234679,noprpt1234679,noprpt1234679,@gmail.com,noprpt1234679@gmail.com,female,noprpt1234679,2022-04-09,267777884,Argentina,Leanor,Gardie,2608444766,gcornwall0@netscape.com,361538,Gegharkunik Province,6551 Coolidge Court,114 Darwin Place,ostr113
noprpt1234680,noprpt1234680,noprpt1234680,@gmail.com,noprpt1234680@gmail.com,female,noprpt1234680,2022-04-10,267777885,Argentina,Leanor,Gardie,2608444766,gcornwall0@netscape.com,361538,Gegharkunik Province,6552 Coolidge Court,115 Darwin Place,ostr114
noprpt1234681,noprpt1234681,noprpt1234681,@gmail.com,noprpt1234681@gmail.com,female,noprpt1234681,2022-04-11,267777886,Argentina,Leanor,Gardie,2608444766,gcornwall0@netscape.com,361538,Gegharkunik Province,6553 Coolidge Court,116 Darwin Place,ostr115
noprpt1234682,noprpt1234682,noprpt1234682,@gmail.com,noprpt1234682@gmail.com,female,noprpt1234682,2022-04-12,267777887,Argentina,Leanor,Gardie,2608444766,gcornwall0@netscape.com,361538,Gegharkunik Province,6554 Coolidge Court,117 Darwin Place,ostr116
noprpt1234683,noprpt1234683,noprpt1234683,@gmail.com,noprpt1234683@gmail.com,female,noprpt1234683,2022-04-13,267777888,Argentina,Leanor,Gardie,2608444766,gcornwall0@netscape.com,361538,Gegharkunik Province,6555 Coolidge Court,118 Darwin Place,ostr117
noprpt1234684,noprpt1234684,noprpt1234684,@gmail.com,noprpt1234684@gmail.com,female,noprpt1234684,2022-04-14,267777889,Argentina,Leanor,Gardie,2608444766,gcornwall0@netscape.com,361538,Gegharkunik Province,6556 Coolidge Court,119 Darwin Place,ostr118
noprpt1234685,noprpt1234685,noprpt1234685,@gmail.com,noprpt1234685@gmail.com,female,noprpt1234685,2022-04-15,267777890,Argentina,Leanor,Gardie,2608444766,gcornwall0@netscape.com,361538,Gegharkunik Province,6557 Coolidge Court,120 Darwin Place,ostr119
noprpt1234686,noprpt1234686,noprpt1234686,@gmail.com,noprpt1234686@gmail.com,female,noprpt1234686,2022-04-16,267777891,Argentina,Leanor,Gardie,2608444766,gcornwall0@netscape.com,361538,Gegharkunik Province,6558 Coolidge Court,121 Darwin Place,ostr120
noprpt1234687,noprpt1234687,noprpt1234687,@gmail.com,noprpt1234687@gmail.com,female,noprpt1234687,2022-04-17,267777892,Argentina,Leanor,Gardie,2608444766,gcornwall0@netscape.com,361538,Gegharkunik Province,6559 Coolidge Court,122 Darwin Place,ostr121
noprpt1234688,noprpt1234688,noprpt1234688,@gmail.com,noprpt1234688@gmail.com,female,noprpt1234688,2022-04-18,267777893,Argentina,Leanor,Gardie,2608444766,gcornwall0@netscape.com,361538,Gegharkunik Province,6560 Coolidge Court,123 Darwin Place,ostr122
noprpt1234689,noprpt1234689,noprpt1234689,@gmail.com,noprpt1234689@gmail.com,female,noprpt1234689,2022-04-19,267777894,Argentina,Leanor,Gardie,2608444766,gcornwall0@netscape.com,361538,Gegharkunik Province,6561 Coolidge Court,124 Darwin Place,ostr123
noprpt1234690,noprpt1234690,noprpt1234690,@gmail.com,noprpt1234690@gmail.com,female,noprpt1234690,2022-04-20,267777895,Argentina,Leanor,Gardie,2608444766,gcornwall0@netscape.com,361538,Gegharkunik Province,6562 Coolidge Court,125 Darwin Place,ostr124
noprpt1234691,noprpt1234691,noprpt1234691,@gmail.com,noprpt1234691@gmail.com,female,noprpt1234691,2022-04-21,267777896,Argentina,Leanor,Gardie,2608444766,gcornwall0@netscape.com,361538,Gegharkunik Province,6563 Coolidge Court,126 Darwin Place,ostr125
noprpt1234692,noprpt1234692,noprpt1234692,@gmail.com,noprpt1234692@gmail.com,female,noprpt1234692,2022-04-22,267777897,Argentina,Leanor,Gardie,2608444766,gcornwall0@netscape.com,361538,Gegharkunik Province,6564 Coolidge Court,127 Darwin Place,ostr126
noprpt1234693,noprpt1234693,noprpt1234693,@gmail.com,noprpt1234693@gmail.com,female,noprpt1234693,2022-04-23,267777898,Argentina,Leanor,Gardie,2608444766,gcornwall0@netscape.com,361538,Gegharkunik Province,6565 Coolidge Court,128 Darwin Place,ostr127
noprpt1234694,noprpt1234694,noprpt1234694,@gmail.com,noprpt1234694@gmail.com,female,noprpt1234694,2022-04-24,267777899,Argentina,Leanor,Gardie,2608444766,gcornwall0@netscape.com,361538,Gegharkunik Province,6566 Coolidge Court,129 Darwin Place,ostr128
noprpt1234695,noprpt1234695,noprpt1234695,@gmail.com,noprpt1234695@gmail.com,female,noprpt1234695,2022-04-25,267777900,Argentina,Leanor,Gardie,2608444766,gcornwall0@netscape.com,361538,Gegharkunik Province,6567 Coolidge Court,130 Darwin Place,ostr129
noprpt1234696,noprpt1234696,noprpt1234696,@gmail.com,noprpt1234696@gmail.com,female,noprpt1234696,2022-04-26,267777901,Argentina,Leanor,Gardie,2608444766,gcornwall0@netscape.com,361538,Gegharkunik Province,6568 Coolidge Court,131 Darwin Place,ostr130
noprpt1234697,noprpt1234697,noprpt1234697,@gmail.com,noprpt1234697@gmail.com,female,noprpt1234697,2022-04-27,267777902,Argentina,Leanor,Gardie,2608444766,gcornwall0@netscape.com,361538,Gegharkunik Province,6569 Coolidge Court,132 Darwin Place,ostr131
noprpt1234698,noprpt1234698,noprpt1234698,@gmail.com,noprpt1234698@gmail.com,female,noprpt1234698,2022-04-28,267777903,Argentina,Leanor,Gardie,2608444766,gcornwall0@netscape.com,361538,Gegharkunik Province,6570 Coolidge Court,133 Darwin Place,ostr132
noprpt1234699,noprpt1234699,noprpt1234699,@gmail.com,noprpt1234699@gmail.com,female,noprpt1234699,2022-04-29,267777904,Argentina,Leanor,Gardie,2608444766,gcornwall0@netscape.com,361538,Gegharkunik Province,6571 Coolidge Court,134 Darwin Place,ostr133
noprpt1234700,noprpt1234700,noprpt1234700,@gmail.com,noprpt1234700@gmail.com,female,noprpt1234700,2022-04-30,267777905,Argentina,Leanor,Gardie,2608444766,gcornwall0@netscape.com,361538,Gegharkunik Province,6572 Coolidge Court,135 Darwin Place,ostr134
noprpt1234701,noprpt1234701,noprpt1234701,@gmail.com,noprpt1234701@gmail.com,female,noprpt1234701,2022-05-01,267777906,Argentina,Leanor,Gardie,2608444766,gcornwall0@netscape.com,361538,Gegharkunik Province,6573 Coolidge Court,136 Darwin Place,ostr135
noprpt1234702,noprpt1234702,noprpt1234702,@gmail.com,noprpt1234702@gmail.com,female,noprpt1234702,2022-05-02,267777907,Argentina,Leanor,Gardie,2608444766,gcornwall0@netscape.com,361538,Gegharkunik Province,6574 Coolidge Court,137 Darwin Place,ostr136
noprpt1234703,noprpt1234703,noprpt1234703,@gmail.com,noprpt1234703@gmail.com,female,noprpt1234703,2022-05-03,267777908,Argentina,Leanor,Gardie,2608444766,gcornwall0@netscape.com,361538,Gegharkunik Province,6575 Coolidge Court,138 Darwin Place,ostr137
noprpt1234704,noprpt1234704,noprpt1234704,@gmail.com,noprpt1234704@gmail.com,female,noprpt1234704,2022-05-04,267777909,Argentina,Leanor,Gardie,2608444766,gcornwall0@netscape.com,361538,Gegharkunik Province,6576 Coolidge Court,139 Darwin Place,ostr138
noprpt1234705,noprpt1234705,noprpt1234705,@gmail.com,noprpt1234705@gmail.com,female,noprpt1234705,2022-05-05,267777910,Argentina,Leanor,Gardie,2608444766,gcornwall0@netscape.com,361538,Gegharkunik Province,6577 Coolidge Court,140 Darwin Place,ostr139
noprpt1234706,noprpt1234706,noprpt1234706,@gmail.com,noprpt1234706@gmail.com,female,noprpt1234706,2022-05-06,267777911,Argentina,Leanor,Gardie,2608444766,gcornwall0@netscape.com,361538,Gegharkunik Province,6578 Coolidge Court,141 Darwin Place,ostr140
noprpt1234707,noprpt1234707,noprpt1234707,@gmail.com,noprpt1234707@gmail.com,female,noprpt1234707,2022-05-07,267777912,Argentina,Leanor,Gardie,2608444766,gcornwall0@netscape.com,361538,Gegharkunik Province,6579 Coolidge Court,142 Darwin Place,ostr141
noprpt1234708,noprpt1234708,noprpt1234708,@gmail.com,noprpt1234708@gmail.com,female,noprpt1234708,2022-05-08,267777913,Argentina,Leanor,Gardie,2608444766,gcornwall0@netscape.com,361538,Gegharkunik Province,6580 Coolidge Court,143 Darwin Place,ostr142
noprpt1234709,noprpt1234709,noprpt1234709,@gmail.com,noprpt1234709@gmail.com,female,noprpt1234709,2022-05-09,267777914,Argentina,Leanor,Gardie,2608444766,gcornwall0@netscape.com,361538,Gegharkunik Province,6581 Coolidge Court,144 Darwin Place,ostr143
noprpt1234710,noprpt1234710,noprpt1234710,@gmail.com,noprpt1234710@gmail.com,female,noprpt1234710,2022-05-10,267777915,Argentina,Leanor,Gardie,2608444766,gcornwall0@netscape.com,361538,Gegharkunik Province,6582 Coolidge Court,145 Darwin Place,ostr144
noprpt1234711,noprpt1234711,noprpt1234711,@gmail.com,noprpt1234711@gmail.com,female,noprpt1234711,2022-05-11,267777916,Argentina,Leanor,Gardie,2608444766,gcornwall0@netscape.com,361538,Gegharkunik Province,6583 Coolidge Court,146 Darwin Place,ostr145
noprpt1234712,noprpt1234712,noprpt1234712,@gmail.com,noprpt1234712@gmail.com,female,noprpt1234712,2022-05-12,267777917,Argentina,Leanor,Gardie,2608444766,gcornwall0@netscape.com,361538,Gegharkunik Province,6584 Coolidge Court,147 Darwin Place,ostr146
noprpt1234713,noprpt1234713,noprpt1234713,@gmail.com,noprpt1234713@gmail.com,female,noprpt1234713,2022-05-13,267777918,Argentina,Leanor,Gardie,2608444766,gcornwall0@netscape.com,361538,Gegharkunik Province,6585 Coolidge Court,148 Darwin Place,ostr147
noprpt1234714,noprpt1234714,noprpt1234714,@gmail.com,noprpt1234714@gmail.com,female,noprpt1234714,2022-05-14,267777919,Argentina,Leanor,Gardie,2608444766,gcornwall0@netscape.com,361538,Gegharkunik Province,6586 Coolidge Court,149 Darwin Place,ostr148
noprpt1234715,noprpt1234715,noprpt1234715,@gmail.com,noprpt1234715@gmail.com,female,noprpt1234715,2022-05-15,267777920,Argentina,Leanor,Gardie,2608444766,gcornwall0@netscape.com,361538,Gegharkunik Province,6587 Coolidge Court,150 Darwin Place,ostr149
noprpt1234716,noprpt1234716,noprpt1234716,@gmail.com,noprpt1234716@gmail.com,female,noprpt1234716,2022-05-16,267777921,Argentina,Leanor,Gardie,2608444766,gcornwall0@netscape.com,361538,Gegharkunik Province,6588 Coolidge Court,151 Darwin Place,ostr150
noprpt1234717,noprpt1234717,noprpt1234717,@gmail.com,noprpt1234717@gmail.com,female,noprpt1234717,2022-05-17,267777922,Argentina,Leanor,Gardie,2608444766,gcornwall0@netscape.com,361538,Gegharkunik Province,6589 Coolidge Court,152 Darwin Place,ostr151
noprpt1234718,noprpt1234718,noprpt1234718,@gmail.com,noprpt1234718@gmail.com,female,noprpt1234718,2022-05-18,267777923,Argentina,Leanor,Gardie,2608444766,gcornwall0@netscape.com,361538,Gegharkunik Province,6590 Coolidge Court,153 Darwin Place,ostr152
noprpt1234719,noprpt1234719,noprpt1234719,@gmail.com,noprpt1234719@gmail.com,female,noprpt1234719,2022-05-19,267777924,Argentina,Leanor,Gardie,2608444766,gcornwall0@netscape.com,361538,Gegharkunik Province,6591 Coolidge Court,154 Darwin Place,ostr153
noprpt1234720,noprpt1234720,noprpt1234720,@gmail.com,noprpt1234720@gmail.com,female,noprpt1234720,2022-05-20,267777925,Argentina,Leanor,Gardie,2608444766,gcornwall0@netscape.com,361538,Gegharkunik Province,6592 Coolidge Court,155 Darwin Place,ostr154
noprpt1234721,noprpt1234721,noprpt1234721,@gmail.com,noprpt1234721@gmail.com,female,noprpt1234721,2022-05-21,267777926,Argentina,Leanor,Gardie,2608444766,gcornwall0@netscape.com,361538,Gegharkunik Province,6593 Coolidge Court,156 Darwin Place,ostr155
noprpt1234722,noprpt1234722,noprpt1234722,@gmail.com,noprpt1234722@gmail.com,female,noprpt1234722,2022-05-22,267777927,Argentina,Leanor,Gardie,2608444766,gcornwall0@netscape.com,361538,Gegharkunik Province,6594 Coolidge Court,157 Darwin Place,ostr156
noprpt1234723,noprpt1234723,noprpt1234723,@gmail.com,noprpt1234723@gmail.com,female,noprpt1234723,2022-05-23,267777928,Argentina,Leanor,Gardie,2608444766,gcornwall0@netscape.com,361538,Gegharkunik Province,6595 Coolidge Court,158 Darwin Place,ostr157
noprpt1234724,noprpt1234724,noprpt1234724,@gmail.com,noprpt1234724@gmail.com,female,noprpt1234724,2022-05-24,267777929,Argentina,Leanor,Gardie,2608444766,gcornwall0@netscape.com,361538,Gegharkunik Province,6596 Coolidge Court,159 Darwin Place,ostr158
noprpt1234725,noprpt1234725,noprpt1234725,@gmail.com,noprpt1234725@gmail.com,female,noprpt1234725,2022-05-25,267777930,Argentina,Leanor,Gardie,2608444766,gcornwall0@netscape.com,361538,Gegharkunik Province,6597 Coolidge Court,160 Darwin Place,ostr159
noprpt1234726,noprpt1234726,noprpt1234726,@gmail.com,noprpt1234726@gmail.com,female,noprpt1234726,2022-05-26,267777931,Argentina,Leanor,Gardie,2608444766,gcornwall0@netscape.com,361538,Gegharkunik Province,6598 Coolidge Court,161 Darwin Place,ostr160
noprpt1234727,noprpt1234727,noprpt1234727,@gmail.com,noprpt1234727@gmail.com,female,noprpt1234727,2022-05-27,267777932,Argentina,Leanor,Gardie,2608444766,gcornwall0@netscape.com,361538,Gegharkunik Province,6599 Coolidge Court,162 Darwin Place,ostr161
noprpt1234728,noprpt1234728,noprpt1234728,@gmail.com,noprpt1234728@gmail.com,female,noprpt1234728,2022-05-28,267777933,Argentina,Leanor,Gardie,2608444766,gcornwall0@netscape.com,361538,Gegharkunik Province,6600 Coolidge Court,163 Darwin Place,ostr162
noprpt1234729,noprpt1234729,noprpt1234729,@gmail.com,noprpt1234729@gmail.com,female,noprpt1234729,2022-05-29,267777934,Argentina,Leanor,Gardie,2608444766,gcornwall0@netscape.com,361538,Gegharkunik Province,6601 Coolidge Court,164 Darwin Place,ostr163
noprpt1234730,noprpt1234730,noprpt1234730,@gmail.com,noprpt1234730@gmail.com,female,noprpt1234730,2022-05-30,267777935,Argentina,Leanor,Gardie,2608444766,gcornwall0@netscape.com,361538,Gegharkunik Province,6602 Coolidge Court,165 Darwin Place,ostr164
noprpt1234731,noprpt1234731,noprpt1234731,@gmail.com,noprpt1234731@gmail.com,female,noprpt1234731,2022-05-31,267777936,Argentina,Leanor,Gardie,2608444766,gcornwall0@netscape.com,361538,Gegharkunik Province,6603 Coolidge Court,166 Darwin Place,ostr165
noprpt1234732,noprpt1234732,noprpt1234732,@gmail.com,noprpt1234732@gmail.com,female,noprpt1234732,2022-06-01,267777937,Argentina,Leanor,Gardie,2608444766,gcornwall0@netscape.com,361538,Gegharkunik Province,6604 Coolidge Court,167 Darwin Place,ostr166
noprpt1234733,noprpt1234733,noprpt1234733,@gmail.com,noprpt1234733@gmail.com,female,noprpt1234733,2022-06-02,267777938,Argentina,Leanor,Gardie,2608444766,gcornwall0@netscape.com,361538,Gegharkunik Province,6605 Coolidge Court,168 Darwin Place,ostr167
noprpt1234734,noprpt1234734,noprpt1234734,@gmail.com,noprpt1234734@gmail.com,female,noprpt1234734,2022-06-03,267777939,Argentina,Leanor,Gardie,2608444766,gcornwall0@netscape.com,361538,Gegharkunik Province,6606 Coolidge Court,169 Darwin Place,ostr168
noprpt1234735,noprpt1234735,noprpt1234735,@gmail.com,noprpt1234735@gmail.com,female,noprpt1234735,2022-06-04,267777940,Argentina,Leanor,Gardie,2608444766,gcornwall0@netscape.com,361538,Gegharkunik Province,6607 Coolidge Court,170 Darwin Place,ostr169
noprpt1234736,noprpt1234736,noprpt1234736,@gmail.com,noprpt1234736@gmail.com,female,noprpt1234736,2022-06-05,267777941,Argentina,Leanor,Gardie,2608444766,gcornwall0@netscape.com,361538,Gegharkunik Province,6608 Coolidge Court,171 Darwin Place,ostr170
noprpt1234737,noprpt1234737,noprpt1234737,@gmail.com,noprpt1234737@gmail.com,female,noprpt1234737,2022-06-06,267777942,Argentina,Leanor,Gardie,2608444766,gcornwall0@netscape.com,361538,Gegharkunik Province,6609 Coolidge Court,172 Darwin Place,ostr171
noprpt1234738,noprpt1234738,noprpt1234738,@gmail.com,noprpt1234738@gmail.com,female,noprpt1234738,2022-06-07,267777943,Argentina,Leanor,Gardie,2608444766,gcornwall0@netscape.com,361538,Gegharkunik Province,6610 Coolidge Court,173 Darwin Place,ostr172
noprpt1234739,noprpt1234739,noprpt1234739,@gmail.com,noprpt1234739@gmail.com,female,noprpt1234739,2022-06-08,267777944,Argentina,Leanor,Gardie,2608444766,gcornwall0@netscape.com,361538,Gegharkunik Province,6611 Coolidge Court,174 Darwin Place,ostr173
noprpt1234740,noprpt1234740,noprpt1234740,@gmail.com,noprpt1234740@gmail.com,female,noprpt1234740,2022-06-09,267777945,Argentina,Leanor,Gardie,2608444766,gcornwall0@netscape.com,361538,Gegharkunik Province,6612 Coolidge Court,175 Darwin Place,ostr174
noprpt1234741,noprpt1234741,noprpt1234741,@gmail.com,noprpt1234741@gmail.com,female,noprpt1234741,2022-06-10,267777946,Argentina,Leanor,Gardie,2608444766,gcornwall0@netscape.com,361538,Gegharkunik Province,6613 Coolidge Court,176 Darwin Place,ostr175
noprpt1234742,noprpt1234742,noprpt1234742,@gmail.com,noprpt1234742@gmail.com,female,noprpt1234742,2022-06-11,267777947,Argentina,Leanor,Gardie,2608444766,gcornwall0@netscape.com,361538,Gegharkunik Province,6614 Coolidge Court,177 Darwin Place,ostr176
noprpt1234743,noprpt1234743,noprpt1234743,@gmail.com,noprpt1234743@gmail.com,female,noprpt1234743,2022-06-12,267777948,Argentina,Leanor,Gardie,2608444766,gcornwall0@netscape.com,361538,Gegharkunik Province,6615 Coolidge Court,178 Darwin Place,ostr177
noprpt1234744,noprpt1234744,noprpt1234744,@gmail.com,noprpt1234744@gmail.com,female,noprpt1234744,2022-06-13,267777949,Argentina,Leanor,Gardie,2608444766,gcornwall0@netscape.com,361538,Gegharkunik Province,6616 Coolidge Court,179 Darwin Place,ostr178
noprpt1234745,noprpt1234745,noprpt1234745,@gmail.com,noprpt1234745@gmail.com,female,noprpt1234745,2022-06-14,267777950,Argentina,Leanor,Gardie,2608444766,gcornwall0@netscape.com,361538,Gegharkunik Province,6617 Coolidge Court,180 Darwin Place,ostr179
noprpt1234746,noprpt1234746,noprpt1234746,@gmail.com,noprpt1234746@gmail.com,female,noprpt1234746,2022-06-15,267777951,Argentina,Leanor,Gardie,2608444766,gcornwall0@netscape.com,361538,Gegharkunik Province,6618 Coolidge Court,181 Darwin Place,ostr180
noprpt1234747,noprpt1234747,noprpt1234747,@gmail.com,noprpt1234747@gmail.com,female,noprpt1234747,2022-06-16,267777952,Argentina,Leanor,Gardie,2608444766,gcornwall0@netscape.com,361538,Gegharkunik Province,6619 Coolidge Court,182 Darwin Place,ostr181
noprpt1234748,noprpt1234748,noprpt1234748,@gmail.com,noprpt1234748@gmail.com,female,noprpt1234748,2022-06-17,267777953,Argentina,Leanor,Gardie,2608444766,gcornwall0@netscape.com,361538,Gegharkunik Province,6620 Coolidge Court,183 Darwin Place,ostr182
noprpt1234749,noprpt1234749,noprpt1234749,@gmail.com,noprpt1234749@gmail.com,female,noprpt1234749,2022-06-18,267777954,Argentina,Leanor,Gardie,2608444766,gcornwall0@netscape.com,361538,Gegharkunik Province,6621 Coolidge Court,184 Darwin Place,ostr183
noprpt1234750,noprpt1234750,noprpt1234750,@gmail.com,noprpt1234750@gmail.com,female,noprpt1234750,2022-06-19,267777955,Argentina,Leanor,Gardie,2608444766,gcornwall0@netscape.com,361538,Gegharkunik Province,6622 Coolidge Court,185 Darwin Place,ostr184
noprpt1234751,noprpt1234751,noprpt1234751,@gmail.com,noprpt1234751@gmail.com,female,noprpt1234751,2022-06-20,267777956,Argentina,Leanor,Gardie,2608444766,gcornwall0@netscape.com,361538,Gegharkunik Province,6623 Coolidge Court,186 Darwin Place,ostr185
noprpt1234752,noprpt1234752,noprpt1234752,@gmail.com,noprpt1234752@gmail.com,female,noprpt1234752,2022-06-21,267777957,Argentina,Leanor,Gardie,2608444766,gcornwall0@netscape.com,361538,Gegharkunik Province,6624 Coolidge Court,187 Darwin Place,ostr186
noprpt1234753,noprpt1234753,noprpt1234753,@gmail.com,noprpt1234753@gmail.com,female,noprpt1234753,2022-06-22,267777958,Argentina,Leanor,Gardie,2608444766,gcornwall0@netscape.com,361538,Gegharkunik Province,6625 Coolidge Court,188 Darwin Place,ostr187
noprpt1234754,noprpt1234754,noprpt1234754,@gmail.com,noprpt1234754@gmail.com,female,noprpt1234754,2022-06-23,267777959,Argentina,Leanor,Gardie,2608444766,gcornwall0@netscape.com,361538,Gegharkunik Province,6626 Coolidge Court,189 Darwin Place,ostr188
noprpt1234755,noprpt1234755,noprpt1234755,@gmail.com,noprpt1234755@gmail.com,female,noprpt1234755,2022-06-24,267777960,Argentina,Leanor,Gardie,2608444766,gcornwall0@netscape.com,361538,Gegharkunik Province,6627 Coolidge Court,190 Darwin Place,ostr189
noprpt1234756,noprpt1234756,noprpt1234756,@gmail.com,noprpt1234756@gmail.com,female,noprpt1234756,2022-06-25,267777961,Argentina,Leanor,Gardie,2608444766,gcornwall0@netscape.com,361538,Gegharkunik Province,6628 Coolidge Court,191 Darwin Place,ostr190
noprpt1234757,noprpt1234757,noprpt1234757,@gmail.com,noprpt1234757@gmail.com,female,noprpt1234757,2022-06-26,267777962,Argentina,Leanor,Gardie,2608444766,gcornwall0@netscape.com,361538,Gegharkunik Province,6629 Coolidge Court,192 Darwin Place,ostr191
noprpt1234758,noprpt1234758,noprpt1234758,@gmail.com,noprpt1234758@gmail.com,female,noprpt1234758,2022-06-27,267777963,Argentina,Leanor,Gardie,2608444766,gcornwall0@netscape.com,361538,Gegharkunik Province,6630 Coolidge Court,193 Darwin Place,ostr192
noprpt1234759,noprpt1234759,noprpt1234759,@gmail.com,noprpt1234759@gmail.com,female,noprpt1234759,2022-06-28,267777964,Argentina,Leanor,Gardie,2608444766,gcornwall0@netscape.com,361538,Gegharkunik Province,6631 Coolidge Court,194 Darwin Place,ostr193
noprpt1234760,noprpt1234760,noprpt1234760,@gmail.com,noprpt1234760@gmail.com,female,noprpt1234760,2022-06-29,267777965,Argentina,Leanor,Gardie,2608444766,gcornwall0@netscape.com,361538,Gegharkunik Province,6632 Coolidge Court,195 Darwin Place,ostr194
noprpt1234761,noprpt1234761,noprpt1234761,@gmail.com,noprpt1234761@gmail.com,female,noprpt1234761,2022-06-30,267777966,Argentina,Leanor,Gardie,2608444766,gcornwall0@netscape.com,361538,Gegharkunik Province,6633 Coolidge Court,196 Darwin Place,ostr195
noprpt1234762,noprpt1234762,noprpt1234762,@gmail.com,noprpt1234762@gmail.com,female,noprpt1234762,2022-07-01,267777967,Argentina,Leanor,Gardie,2608444766,gcornwall0@netscape.com,361538,Gegharkunik Province,6634 Coolidge Court,197 Darwin Place,ostr196
noprpt1234763,noprpt1234763,noprpt1234763,@gmail.com,noprpt1234763@gmail.com,female,noprpt1234763,2022-07-02,267777968,Argentina,Leanor,Gardie,2608444766,gcornwall0@netscape.com,361538,Gegharkunik Province,6635 Coolidge Court,198 Darwin Place,ostr197
noprpt1234764,noprpt1234764,noprpt1234764,@gmail.com,noprpt1234764@gmail.com,female,noprpt1234764,2022-07-03,267777969,Argentina,Leanor,Gardie,2608444766,gcornwall0@netscape.com,361538,Gegharkunik Province,6636 Coolidge Court,199 Darwin Place,ostr198
noprpt1234765,noprpt1234765,noprpt1234765,@gmail.com,noprpt1234765@gmail.com,female,noprpt1234765,2022-07-04,267777970,Argentina,Leanor,Gardie,2608444766,gcornwall0@netscape.com,361538,Gegharkunik Province,6637 Coolidge Court,200 Darwin Place,ostr199
noprpt1234766,noprpt1234766,noprpt1234766,@gmail.com,noprpt1234766@gmail.com,female,noprpt1234766,2022-07-05,267777971,Argentina,Leanor,Gardie,2608444766,gcornwall0@netscape.com,361538,Gegharkunik Province,6638 Coolidge Court,201 Darwin Place,ostr200
,,,,,,,,,,,,,,,,,,
,,,,,,,,,,,,,,,,,,
,,,,,,,,,,,,,,,,,,
,,,,,,,,,,,,,,,,,,
,,,,,,,,,,,,,,,,,,
,,,,,,,,,,,,,,,,,,
,,,,,,,,,,,,,,,,,,
,,,,,,,,,,,,,,,,,,
,,,,,,,,,,,,,,,,,,
,,,,,,,,,,,,,,,,,,
,,,,,,,,,,,,,,,,,,
,,,,,,,,,,,,,,,,,,
,,,,,,,,,,,,,,,,,,
,,,,,,,,,,,,,,,,,,
,,,,,,,,,,,,,,,,,,
,,,,,,,,,,,,,,,,,,
,,,,,,,,,,,,,,,,,,
,,,,,,,,,,,,,,,,,,
,,,,,,,,,,,,,,,,,,
,,,,,,,,,,,,,,,,,,
,,,,,,,,,,,,,,,,,,
,,,,,,,,,,,,,,,,,,
,,,,,,,,,,,,,,,,,,
,,,,,,,,,,,,,,,,,,
,,,,,,,,,,,,,,,,,,
,,,,,,,,,,,,,,,,,,
,,,,,,,,,,,,,,,,,,
,,,,,,,,,,,,,,,,,,
,,,,,,,,,,,,,,,,,,
,,,,,,,,,,,,,,,,,,
,,,,,,,,,,,,,,,,,,
,,,,,,,,,,,,,,,,,,
,,,,,,,,,,,,,,,,,,
,,,,,,,,,,,,,,,,,,
,,,,,,,,,,,,,,,,,,
,,,,,,,,,,,,,,,,,,
,,,,,,,,,,,,,,,,,,
,,,,,,,,,,,,,,,,,,
,,,,,,,,,,,,,,,,,,
,,,,,,,,,,,,,,,,,,
,,,,,,,,,,,,,,,,,,
,,,,,,,,,,,,,,,,,,
,,,,,,,,,,,,,,,,,,
,,,,,,,,,,,,,,,,,,
,,,,,,,,,,,,,,,,,,
,,,,,,,,,,,,,,,,,,
,,,,,,,,,,,,,,,,,,
,,,,,,,,,,,,,,,,,,
,,,,,,,,,,,,,,,,,,
,,,,,,,,,,,,,,,,,,
,,,,,,,,,,,,,,,,,,
,,,,,,,,,,,,,,,,,,
,,,,,,,,,,,,,,,,,,
,,,,,,,,,,,,,,,,,,
,,,,,,,,,,,,,,,,,,
,,,,,,,,,,,,,,,,,,
,,,,,,,,,,,,,,,,,,
,,,,,,,,,,,,,,,,,,
,,,,,,,,,,,,,,,,,,
,,,,,,,,,,,,,,,,,,
,,,,,,,,,,,,,,,,,,
,,,,,,,,,,,,,,,,,,
,,,,,,,,,,,,,,,,,,
,,,,,,,,,,,,,,,,,,
,,,,,,,,,,,,,,,,,,
,,,,,,,,,,,,,,,,,,
,,,,,,,,,,,,,,,,,,
,,,,,,,,,,,,,,,,,,
,,,,,,,,,,,,,,,,,,
,,,,,,,,,,,,,,,,,,
,,,,,,,,,,,,,,,,,,
,,,,,,,,,,,,,,,,,,
,,,,,,,,,,,,,,,,,,
,,,,,,,,,,,,,,,,,,
,,,,,,,,,,,,,,,,,,
,,,,,,,,,,,,,,,,,,
,,,,,,,,,,,,,,,,,,
,,,,,,,,,,,,,,,,,,
,,,,,,,,,,,,,,,,,,
,,,,,,,,,,,,,,,,,,
,,,,,,,,,,,,,,,,,,
,,,,,,,,,,,,,,,,,,
,,,,,,,,,,,,,,,,,,
,,,,,,,,,,,,,,,,,,
,,,,,,,,,,,,,,,,,,
,,,,,,,,,,,,,,,,,,
,,,,,,,,,,,,,,,,,,
,,,,,,,,,,,,,,,,,,
,,,,,,,,,,,,,,,,,,
,,,,,,,,,,,,,,,,,,
,,,,,,,,,,,,,,,,,,
,,,,,,,,,,,,,,,,,,
,,,,,,,,,,,,,,,,,,
,,,,,,,,,,,,,,,,,,
,,,,,,,,,,,,,,,,,,
,,,,,,,,,,,,,,,,,,
,,,,,,,,,,,,,,,,,,
,,,,,,,,,,,,,,,,,,
,,,,,,,,,,,,,,,,,,
,,,,,,,,,,,,,,,,,,
,,,,,,,,,,,,,,,,,,
,,,,,,,,,,,,,,,,,,
,,,,,,,,,,,,,,,,,,
,,,,,,,,,,,,,,,,,,
,,,,,,,,,,,,,,,,,,
,,,,,,,,,,,,,,,,,,
,,,,,,,,,,,,,,,,,,
,,,,,,,,,,,,,,,,,,
,,,,,,,,,,,,,,,,,,
,,,,,,,,,,,,,,,,,,
,,,,,,,,,,,,,,,,,,
,,,,,,,,,,,,,,,,,,
,,,,,,,,,,,,,,,,,,
,,,,,,,,,,,,,,,,,,
,,,,,,,,,,,,,,,,,,
,,,,,,,,,,,,,,,,,,
,,,,,,,,,,,,,,,,,,
,,,,,,,,,,,,,,,,,,
,,,,,,,,,,,,,,,,,,
,,,,,,,,,,,,,,,,,,
,,,,,,,,,,,,,,,,,,
,,,,,,,,,,,,,,,,,,
,,,,,,,,,,,,,,,,,,
,,,,,,,,,,,,,,,,,,
,,,,,,,,,,,,,,,,,,
,,,,,,,,,,,,,,,,,,
,,,,,,,,,,,,,,,,,,
,,,,,,,,,,,,,,,,,,
,,,,,,,,,,,,,,,,,,
,,,,,,,,,,,,,,,,,,
,,,,,,,,,,,,,,,,,,
,,,,,,,,,,,,,,,,,,
,,,,,,,,,,,,,,,,,,
,,,,,,,,,,,,,,,,,,
,,,,,,,,,,,,,,,,,,
,,,,,,,,,,,,,,,,,,
,,,,,,,,,,,,,,,,,,
,,,,,,,,,,,,,,,,,,
,,,,,,,,,,,,,,,,,,
,,,,,,,,,,,,,,,,,,
,,,,,,,,,,,,,,,,,,
,,,,,,,,,,,,,,,,,,
,,,,,,,,,,,,,,,,,,
,,,,,,,,,,,,,,,,,,
,,,,,,,,,,,,,,,,,,
,,,,,,,,,,,,,,,,,,
,,,,,,,,,,,,,,,,,,
,,,,,,,,,,,,,,,,,,
,,,,,,,,,,,,,,,,,,
,,,,,,,,,,,,,,,,,,
,,,,,,,,,,,,,,,,,,
,,,,,,,,,,,,,,,,,,
,,,,,,,,,,,,,,,,,,
,,,,,,,,,,,,,,,,,,
,,,,,,,,,,,,,,,,,,
,,,,,,,,,,,,,,,,,,
,,,,,,,,,,,,,,,,,,
,,,,,,,,,,,,,,,,,,
,,,,,,,,,,,,,,,,,,
,,,,,,,,,,,,,,,,,,
,,,,,,,,,,,,,,,,,,
,,,,,,,,,,,,,,,,,,
,,,,,,,,,,,,,,,,,,
,,,,,,,,,,,,,,,,,,
,,,,,,,,,,,,,,,,,,
,,,,,,,,,,,,,,,,,,
,,,,,,,,,,,,,,,,,,
,,,,,,,,,,,,,,,,,,
,,,,,,,,,,,,,,,,,,
,,,,,,,,,,,,,,,,,,
,,,,,,,,,,,,,,,,,,
,,,,,,,,,,,,,,,,,,
,,,,,,,,,,,,,,,,,,
,,,,,,,,,,,,,,,,,,
,,,,,,,,,,,,,,,,,,
,,,,,,,,,,,,,,,,,,
,,,,,,,,,,,,,,,,,,
,,,,,,,,,,,,,,,,,,
,,,,,,,,,,,,,,,,,,
,,,,,,,,,,,,,,,,,,
,,,,,,,,,,,,,,,,,,
,,,,,,,,,,,,,,,,,,
,,,,,,,,,,,,,,,,,,
,,,,,,,,,,,,,,,,,,
,,,,,,,,,,,,,,,,,,
,,,,,,,,,,,,,,,,,,
,,,,,,,,,,,,,,,,,,
,,,,,,,,,,,,,,,,,,
,,,,,,,,,,,,,,,,,,
,,,,,,,,,,,,,,,,,,
,,,,,,,,,,,,,,,,,,
,,,,,,,,,,,,,,,,,,
,,,,,,,,,,,,,,,,,,
,,,,,,,,,,,,,,,,,,
,,,,,,,,,,,,,,,,,,
,,,,,,,,,,,,,,,,,,
,,,,,,,,,,,,,,,,,,
,,,,,,,,,,,,,,,,,,
,,,,,,,,,,,,,,,,,,
,,,,,,,,,,,,,,,,,,
,,,,,,,,,,,,,,,,,,
,,,,,,,,,,,,,,,,,,
,,,,,,,,,,,,,,,,,,
,,,,,,,,,,,,,,,,,,
,,,,,,,,,,,,,,,,,,
,,,,,,,,,,,,,,,,,,
,,,,,,,,,,,,,,,,,,
,,,,,,,,,,,,,,,,,,
,,,,,,,,,,,,,,,,,,
,,,,,,,,,,,,,,,,,,
,,,,,,,,,,,,,,,,,,
,,,,,,,,,,,,,,,,,,
,,,,,,,,,,,,,,,,,,
,,,,,,,,,,,,,,,,,,
,,,,,,,,,,,,,,,,,,
,,,,,,,,,,,,,,,,,,
,,,,,,,,,,,,,,,,,,
,,,,,,,,,,,,,,,,,,
,,,,,,,,,,,,,,,,,,
,,,,,,,,,,,,,,,,,,
,,,,,,,,,,,,,,,,,,
,,,,,,,,,,,,,,,,,,
,,,,,,,,,,,,,,,,,,
,,,,,,,,,,,,,,,,,,
,,,,,,,,,,,,,,,,,,
,,,,,,,,,,,,,,,,,,
,,,,,,,,,,,,,,,,,,
,,,,,,,,,,,,,,,,,,
,,,,,,,,,,,,,,,,,,
,,,,,,,,,,,,,,,,,,
,,,,,,,,,,,,,,,,,,
,,,,,,,,,,,,,,,,,,
,,,,,,,,,,,,,,,,,,
,,,,,,,,,,,,,,,,,,
,,,,,,,,,,,,,,,,,,
,,,,,,,,,,,,,,,,,,
,,,,,,,,,,,,,,,,,,
,,,,,,,,,,,,,,,,,,
,,,,,,,,,,,,,,,,,,
,,,,,,,,,,,,,,,,,,
,,,,,,,,,,,,,,,,,,
,,,,,,,,,,,,,,,,,,
,,,,,,,,,,,,,,,,,,
,,,,,,,,,,,,,,,,,,
,,,,,,,,,,,,,,,,,,
,,,,,,,,,,,,,,,,,,
,,,,,,,,,,,,,,,,,,
,,,,,,,,,,,,,,,,,,
,,,,,,,,,,,,,,,,,,
,,,,,,,,,,,,,,,,,,
,,,,,,,,,,,,,,,,,,
,,,,,,,,,,,,,,,,,,
,,,,,,,,,,,,,,,,,,
,,,,,,,,,,,,,,,,,,
,,,,,,,,,,,,,,,,,,
,,,,,,,,,,,,,,,,,,
,,,,,,,,,,,,,,,,,,
,,,,,,,,,,,,,,,,,,
,,,,,,,,,,,,,,,,,,
,,,,,,,,,,,,,,,,,,
,,,,,,,,,,,,,,,,,,
,,,,,,,,,,,,,,,,,,
,,,,,,,,,,,,,,,,,,
,,,,,,,,,,,,,,,,,,
,,,,,,,,,,,,,,,,,,
,,,,,,,,,,,,,,,,,,
,,,,,,,,,,,,,,,,,,
,,,,,,,,,,,,,,,,,,
,,,,,,,,,,,,,,,,,,
,,,,,,,,,,,,,,,,,,
,,,,,,,,,,,,,,,,,,
,,,,,,,,,,,,,,,,,,
,,,,,,,,,,,,,,,,,,
,,,,,,,,,,,,,,,,,,
,,,,,,,,,,,,,,,,,,
,,,,,,,,,,,,,,,,,,
,,,,,,,,,,,,,,,,,,
,,,,,,,,,,,,,,,,,,
,,,,,,,,,,,,,,,,,,
,,,,,,,,,,,,,,,,,,
,,,,,,,,,,,,,,,,,,
,,,,,,,,,,,,,,,,,,
,,,,,,,,,,,,,,,,,,
,,,,,,,,,,,,,,,,,,
,,,,,,,,,,,,,,,,,,
,,,,,,,,,,,,,,,,,,
,,,,,,,,,,,,,,,,,,
,,,,,,,,,,,,,,,,,,
,,,,,,,,,,,,,,,,,,
,,,,,,,,,,,,,,,,,,
,,,,,,,,,,,,,,,,,,
,,,,,,,,,,,,,,,,,,
,,,,,,,,,,,,,,,,,,
,,,,,,,,,,,,,,,,,,
,,,,,,,,,,,,,,,,,,
,,,,,,,,,,,,,,,,,,
,,,,,,,,,,,,,,,,,,
,,,,,,,,,,,,,,,,,,
,,,,,,,,,,,,,,,,,,
,,,,,,,,,,,,,,,,,,
,,,,,,,,,,,,,,,,,,
,,,,,,,,,,,,,,,,,,
,,,,,,,,,,,,,,,,,,
,,,,,,,,,,,,,,,,,,
,,,,,,,,,,,,,,,,,,
,,,,,,,,,,,,,,,,,,
,,,,,,,,,,,,,,,,,,
,,,,,,,,,,,,,,,,,,
,,,,,,,,,,,,,,,,,,
,,,,,,,,,,,,,,,,,,
,,,,,,,,,,,,,,,,,,
,,,,,,,,,,,,,,,,,,
,,,,,,,,,,,,,,,,,,
,,,,,,,,,,,,,,,,,,
,,,,,,,,,,,,,,,,,,
,,,,,,,,,,,,,,,,,,
,,,,,,,,,,,,,,,,,,
,,,,,,,,,,,,,,,,,,
,,,,,,,,,,,,,,,,,,
,,,,,,,,,,,,,,,,,,
,,,,,,,,,,,,,,,,,,
,,,,,,,,,,,,,,,,,,
,,,,,,,,,,,,,,,,,,
,,,,,,,,,,,,,,,,,,
,,,,,,,,,,,,,,,,,,
,,,,,,,,,,,,,,,,,,
,,,,,,,,,,,,,,,,,,
,,,,,,,,,,,,,,,,,,
,,,,,,,,,,,,,,,,,,
,,,,,,,,,,,,,,,,,,
,,,,,,,,,,,,,,,,,,
,,,,,,,,,,,,,,,,,,
,,,,,,,,,,,,,,,,,,
,,,,,,,,,,,,,,,,,,
,,,,,,,,,,,,,,,,,,
,,,,,,,,,,,,,,,,,,
,,,,,,,,,,,,,,,,,,
,,,,,,,,,,,,,,,,,,
,,,,,,,,,,,,,,,,,,
,,,,,,,,,,,,,,,,,,
,,,,,,,,,,,,,,,,,,
,,,,,,,,,,,,,,,,,,
,,,,,,,,,,,,,,,,,,
,,,,,,,,,,,,,,,,,,
,,,,,,,,,,,,,,,,,,
,,,,,,,,,,,,,,,,,,
,,,,,,,,,,,,,,,,,,
,,,,,,,,,,,,,,,,,,
,,,,,,,,,,,,,,,,,,
,,,,,,,,,,,,,,,,,,
,,,,,,,,,,,,,,,,,,
,,,,,,,,,,,,,,,,,,
,,,,,,,,,,,,,,,,,,
,,,,,,,,,,,,,,,,,,
,,,,,,,,,,,,,,,,,,
,,,,,,,,,,,,,,,,,,
,,,,,,,,,,,,,,,,,,
,,,,,,,,,,,,,,,,,,
,,,,,,,,,,,,,,,,,,
,,,,,,,,,,,,,,,,,,
,,,,,,,,,,,,,,,,,,
,,,,,,,,,,,,,,,,,,
,,,,,,,,,,,,,,,,,,
,,,,,,,,,,,,,,,,,,
,,,,,,,,,,,,,,,,,,
,,,,,,,,,,,,,,,,,,
,,,,,,,,,,,,,,,,,,
,,,,,,,,,,,,,,,,,,
,,,,,,,,,,,,,,,,,,
,,,,,,,,,,,,,,,,,,
,,,,,,,,,,,,,,,,,,
,,,,,,,,,,,,,,,,,,
,,,,,,,,,,,,,,,,,,
,,,,,,,,,,,,,,,,,,
,,,,,,,,,,,,,,,,,,
,,,,,,,,,,,,,,,,,,
,,,,,,,,,,,,,,,,,,
,,,,,,,,,,,,,,,,,,
,,,,,,,,,,,,,,,,,,
,,,,,,,,,,,,,,,,,,
,,,,,,,,,,,,,,,,,,
,,,,,,,,,,,,,,,,,,
,,,,,,,,,,,,,,,,,,
,,,,,,,,,,,,,,,,,,
,,,,,,,,,,,,,,,,,,
,,,,,,,,,,,,,,,,,,
,,,,,,,,,,,,,,,,,,
,,,,,,,,,,,,,,,,,,
,,,,,,,,,,,,,,,,,,
,,,,,,,,,,,,,,,,,,
,,,,,,,,,,,,,,,,,,
,,,,,,,,,,,,,,,,,,
,,,,,,,,,,,,,,,,,,
,,,,,,,,,,,,,,,,,,
,,,,,,,,,,,,,,,,,,
,,,,,,,,,,,,,,,,,,
,,,,,,,,,,,,,,,,,,
,,,,,,,,,,,,,,,,,,
,,,,,,,,,,,,,,,,,,
,,,,,,,,,,,,,,,,,,
,,,,,,,,,,,,,,,,,,
,,,,,,,,,,,,,,,,,,
,,,,,,,,,,,,,,,,,,
,,,,,,,,,,,,,,,,,,
,,,,,,,,,,,,,,,,,,
,,,,,,,,,,,,,,,,,,
,,,,,,,,,,,,,,,,,,
,,,,,,,,,,,,,,,,,,
,,,,,,,,,,,,,,,,,,
,,,,,,,,,,,,,,,,,,
,,,,,,,,,,,,,,,,,,
,,,,,,,,,,,,,,,,,,
,,,,,,,,,,,,,,,,,,
,,,,,,,,,,,,,,,,,,
,,,,,,,,,,,,,,,,,,
,,,,,,,,,,,,,,,,,,
,,,,,,,,,,,,,,,,,,
,,,,,,,,,,,,,,,,,,
,,,,,,,,,,,,,,,,,,
,,,,,,,,,,,,,,,,,,
,,,,,,,,,,,,,,,,,,
,,,,,,,,,,,,,,,,,,
,,,,,,,,,,,,,,,,,,
,,,,,,,,,,,,,,,,,,
,,,,,,,,,,,,,,,,,,
,,,,,,,,,,,,,,,,,,
,,,,,,,,,,,,,,,,,,
,,,,,,,,,,,,,,,,,,
,,,,,,,,,,,,,,,,,,
,,,,,,,,,,,,,,,,,,
,,,,,,,,,,,,,,,,,,
,,,,,,,,,,,,,,,,,,
,,,,,,,,,,,,,,,,,,
,,,,,,,,,,,,,,,,,,
,,,,,,,,,,,,,,,,,,
,,,,,,,,,,,,,,,,,,
,,,,,,,,,,,,,,,,,,
,,,,,,,,,,,,,,,,,,
,,,,,,,,,,,,,,,,,,
,,,,,,,,,,,,,,,,,,
,,,,,,,,,,,,,,,,,,
,,,,,,,,,,,,,,,,,,
,,,,,,,,,,,,,,,,,,
,,,,,,,,,,,,,,,,,,
,,,,,,,,,,,,,,,,,,
,,,,,,,,,,,,,,,,,,
,,,,,,,,,,,,,,,,,,
,,,,,,,,,,,,,,,,,,
,,,,,,,,,,,,,,,,,,
,,,,,,,,,,,,,,,,,,
,,,,,,,,,,,,,,,,,,
,,,,,,,,,,,,,,,,,,
,,,,,,,,,,,,,,,,,,
,,,,,,,,,,,,,,,,,,
,,,,,,,,,,,,,,,,,,
,,,,,,,,,,,,,,,,,,
,,,,,,,,,,,,,,,,,,
,,,,,,,,,,,,,,,,,,
,,,,,,,,,,,,,,,,,,
,,,,,,,,,,,,,,,,,,
,,,,,,,,,,,,,,,,,,
,,,,,,,,,,,,,,,,,,
,,,,,,,,,,,,,,,,,,
,,,,,,,,,,,,,,,,,,
,,,,,,,,,,,,,,,,,,
,,,,,,,,,,,,,,,,,,
,,,,,,,,,,,,,,,,,,
,,,,,,,,,,,,,,,,,,
,,,,,,,,,,,,,,,,,,
,,,,,,,,,,,,,,,,,,
,,,,,,,,,,,,,,,,,,
,,,,,,,,,,,,,,,,,,
,,,,,,,,,,,,,,,,,,
,,,,,,,,,,,,,,,,,,
,,,,,,,,,,,,,,,,,,
,,,,,,,,,,,,,,,,,,
,,,,,,,,,,,,,,,,,,
,,,,,,,,,,,,,,,,,,
,,,,,,,,,,,,,,,,,,
,,,,,,,,,,,,,,,,,,
,,,,,,,,,,,,,,,,,,
,,,,,,,,,,,,,,,,,,
,,,,,,,,,,,,,,,,,,
,,,,,,,,,,,,,,,,,,
,,,,,,,,,,,,,,,,,,
,,,,,,,,,,,,,,,,,,
,,,,,,,,,,,,,,,,,,
,,,,,,,,,,,,,,,,,,
,,,,,,,,,,,,,,,,,,
,,,,,,,,,,,,,,,,,,
,,,,,,,,,,,,,,,,,,
,,,,,,,,,,,,,,,,,,
,,,,,,,,,,,,,,,,,,
,,,,,,,,,,,,,,,,,,
,,,,,,,,,,,,,,,,,,
,,,,,,,,,,,,,,,,,,
,,,,,,,,,,,,,,,,,,
,,,,,,,,,,,,,,,,,,
,,,,,,,,,,,,,,,,,,
,,,,,,,,,,,,,,,,,,
,,,,,,,,,,,,,,,,,,
,,,,,,,,,,,,,,,,,,
,,,,,,,,,,,,,,,,,,
,,,,,,,,,,,,,,,,,,
,,,,,,,,,,,,,,,,,,
,,,,,,,,,,,,,,,,,,
,,,,,,,,,,,,,,,,,,
,,,,,,,,,,,,,,,,,,
,,,,,,,,,,,,,,,,,,
,,,,,,,,,,,,,,,,,,
,,,,,,,,,,,,,,,,,,
,,,,,,,,,,,,,,,,,,
,,,,,,,,,,,,,,,,,,
,,,,,,,,,,,,,,,,,,
,,,,,,,,,,,,,,,,,,
,,,,,,,,,,,,,,,,,,
,,,,,,,,,,,,,,,,,,
,,,,,,,,,,,,,,,,,,
,,,,,,,,,,,,,,,,,,
,,,,,,,,,,,,,,,,,,
,,,,,,,,,,,,,,,,,,
,,,,,,,,,,,,,,,,,,
,,,,,,,,,,,,,,,,,,
,,,,,,,,,,,,,,,,,,
,,,,,,,,,,,,,,,,,,
,,,,,,,,,,,,,,,,,,
,,,,,,,,,,,,,,,,,,
,,,,,,,,,,,,,,,,,,
,,,,,,,,,,,,,,,,,,
,,,,,,,,,,,,,,,,,,
,,,,,,,,,,,,,,,,,,
,,,,,,,,,,,,,,,,,,
,,,,,,,,,,,,,,,,,,
,,,,,,,,,,,,,,,,,,
,,,,,,,,,,,,,,,,,,
,,,,,,,,,,,,,,,,,,
,,,,,,,,,,,,,,,,,,
,,,,,,,,,,,,,,,,,,
,,,,,,,,,,,,,,,,,,
,,,,,,,,,,,,,,,,,,
,,,,,,,,,,,,,,,,,,
,,,,,,,,,,,,,,,,,,
,,,,,,,,,,,,,,,,,,
,,,,,,,,,,,,,,,,,,
,,,,,,,,,,,,,,,,,,
,,,,,,,,,,,,,,,,,,
,,,,,,,,,,,,,,,,,,
,,,,,,,,,,,,,,,,,,
,,,,,,,,,,,,,,,,,,
,,,,,,,,,,,,,,,,,,
,,,,,,,,,,,,,,,,,,
,,,,,,,,,,,,,,,,,,
,,,,,,,,,,,,,,,,,,
,,,,,,,,,,,,,,,,,,
,,,,,,,,,,,,,,,,,,
,,,,,,,,,,,,,,,,,,
,,,,,,,,,,,,,,,,,,
,,,,,,,,,,,,,,,,,,
,,,,,,,,,,,,,,,,,,
,,,,,,,,,,,,,,,,,,
,,,,,,,,,,,,,,,,,,
,,,,,,,,,,,,,,,,,,
,,,,,,,,,,,,,,,,,,
,,,,,,,,,,,,,,,,,,
,,,,,,,,,,,,,,,,,,
,,,,,,,,,,,,,,,,,,
,,,,,,,,,,,,,,,,,,
,,,,,,,,,,,,,,,,,,
,,,,,,,,,,,,,,,,,,
,,,,,,,,,,,,,,,,,,
,,,,,,,,,,,,,,,,,,
,,,,,,,,,,,,,,,,,,
,,,,,,,,,,,,,,,,,,
,,,,,,,,,,,,,,,,,,
,,,,,,,,,,,,,,,,,,
,,,,,,,,,,,,,,,,,,
,,,,,,,,,,,,,,,,,,
,,,,,,,,,,,,,,,,,,
,,,,,,,,,,,,,,,,,,
,,,,,,,,,,,,,,,,,,
,,,,,,,,,,,,,,,,,,
,,,,,,,,,,,,,,,,,,
,,,,,,,,,,,,,,,,,,
,,,,,,,,,,,,,,,,,,
,,,,,,,,,,,,,,,,,,
,,,,,,,,,,,,,,,,,,
,,,,,,,,,,,,,,,,,,
,,,,,,,,,,,,,,,,,,
,,,,,,,,,,,,,,,,,,
,,,,,,,,,,,,,,,,,,
,,,,,,,,,,,,,,,,,,
,,,,,,,,,,,,,,,,,,
,,,,,,,,,,,,,,,,,,
,,,,,,,,,,,,,,,,,,
,,,,,,,,,,,,,,,,,,
,,,,,,,,,,,,,,,,,,
,,,,,,,,,,,,,,,,,,
,,,,,,,,,,,,,,,,,,
,,,,,,,,,,,,,,,,,,
,,,,,,,,,,,,,,,,,,
,,,,,,,,,,,,,,,,,,
,,,,,,,,,,,,,,,,,,
,,,,,,,,,,,,,,,,,,
,,,,,,,,,,,,,,,,,,
,,,,,,,,,,,,,,,,,,
,,,,,,,,,,,,,,,,,,
,,,,,,,,,,,,,,,,,,
,,,,,,,,,,,,,,,,,,
,,,,,,,,,,,,,,,,,,
,,,,,,,,,,,,,,,,,,
,,,,,,,,,,,,,,,,,,
,,,,,,,,,,,,,,,,,,
,,,,,,,,,,,,,,,,,,
,,,,,,,,,,,,,,,,,,
,,,,,,,,,,,,,,,,,,
,,,,,,,,,,,,,,,,,,
,,,,,,,,,,,,,,,,,,
,,,,,,,,,,,,,,,,,,
,,,,,,,,,,,,,,,,,,
,,,,,,,,,,,,,,,,,,
,,,,,,,,,,,,,,,,,,
,,,,,,,,,,,,,,,,,,
,,,,,,,,,,,,,,,,,,
,,,,,,,,,,,,,,,,,,
,,,,,,,,,,,,,,,,,,
,,,,,,,,,,,,,,,,,,
,,,,,,,,,,,,,,,,,,
,,,,,,,,,,,,,,,,,,
,,,,,,,,,,,,,,,,,,
,,,,,,,,,,,,,,,,,,
,,,,,,,,,,,,,,,,,,
,,,,,,,,,,,,,,,,,,
,,,,,,,,,,,,,,,,,,
,,,,,,,,,,,,,,,,,,
,,,,,,,,,,,,,,,,,,
,,,,,,,,,,,,,,,,,,
,,,,,,,,,,,,,,,,,,
,,,,,,,,,,,,,,,,,,
,,,,,,,,,,,,,,,,,,
,,,,,,,,,,,,,,,,,,
,,,,,,,,,,,,,,,,,,
,,,,,,,,,,,,,,,,,,
,,,,,,,,,,,,,,,,,,
,,,,,,,,,,,,,,,,,,
,,,,,,,,,,,,,,,,,,
,,,,,,,,,,,,,,,,,,
,,,,,,,,,,,,,,,,,,
,,,,,,,,,,,,,,,,,,
,,,,,,,,,,,,,,,,,,
,,,,,,,,,,,,,,,,,,
,,,,,,,,,,,,,,,,,,
,,,,,,,,,,,,,,,,,,
,,,,,,,,,,,,,,,,,,
,,,,,,,,,,,,,,,,,,
,,,,,,,,,,,,,,,,,,
,,,,,,,,,,,,,,,,,,
,,,,,,,,,,,,,,,,,,
,,,,,,,,,,,,,,,,,,
,,,,,,,,,,,,,,,,,,
,,,,,,,,,,,,,,,,,,
,,,,,,,,,,,,,,,,,,
,,,,,,,,,,,,,,,,,,
,,,,,,,,,,,,,,,,,,
,,,,,,,,,,,,,,,,,,
,,,,,,,,,,,,,,,,,,
,,,,,,,,,,,,,,,,,,
,,,,,,,,,,,,,,,,,,
,,,,,,,,,,,,,,,,,,
,,,,,,,,,,,,,,,,,,
,,,,,,,,,,,,,,,,,,
,,,,,,,,,,,,,,,,,,
,,,,,,,,,,,,,,,,,,
,,,,,,,,,,,,,,,,,,
,,,,,,,,,,,,,,,,,,
,,,,,,,,,,,,,,,,,,
,,,,,,,,,,,,,,,,,,
,,,,,,,,,,,,,,,,,,
,,,,,,,,,,,,,,,,,,
,,,,,,,,,,,,,,,,,,
,,,,,,,,,,,,,,,,,,
,,,,,,,,,,,,,,,,,,
,,,,,,,,,,,,,,,,,,
,,,,,,,,,,,,,,,,,,
,,,,,,,,,,,,,,,,,,
,,,,,,,,,,,,,,,,,,
,,,,,,,,,,,,,,,,,,
,,,,,,,,,,,,,,,,,,
,,,,,,,,,,,,,,,,,,
,,,,,,,,,,,,,,,,,,
,,,,,,,,,,,,,,,,,,
,,,,,,,,,,,,,,,,,,
,,,,,,,,,,,,,,,,,,
,,,,,,,,,,,,,,,,,,
,,,,,,,,,,,,,,,,,,
,,,,,,,,,,,,,,,,,,
,,,,,,,,,,,,,,,,,,
,,,,,,,,,,,,,,,,,,
,,,,,,,,,,,,,,,,,,
,,,,,,,,,,,,,,,,,,
,,,,,,,,,,,,,,,,,,
,,,,,,,,,,,,,,,,,,
,,,,,,,,,,,,,,,,,,
,,,,,,,,,,,,,,,,,,
,,,,,,,,,,,,,,,,,,
,,,,,,,,,,,,,,,,,,
,,,,,,,,,,,,,,,,,,
,,,,,,,,,,,,,,,,,,
,,,,,,,,,,,,,,,,,,
,,,,,,,,,,,,,,,,,,
,,,,,,,,,,,,,,,,,,
,,,,,,,,,,,,,,,,,,
,,,,,,,,,,,,,,,,,,
,,,,,,,,,,,,,,,,,,
,,,,,,,,,,,,,,,,,,
,,,,,,,,,,,,,,,,,,
,,,,,,,,,,,,,,,,,,
,,,,,,,,,,,,,,,,,,
,,,,,,,,,,,,,,,,,,
,,,,,,,,,,,,,,,,,,
,,,,,,,,,,,,,,,,,,
,,,,,,,,,,,,,,,,,,
,,,,,,,,,,,,,,,,,,
,,,,,,,,,,,,,,,,,,
,,,,,,,,,,,,,,,,,,
,,,,,,,,,,,,,,,,,,
,,,,,,,,,,,,,,,,,,
,,,,,,,,,,,,,,,,,,
,,,,,,,,,,,,,,,,,,
,,,,,,,,,,,,,,,,,,
,,,,,,,,,,,,,,,,,,
,,,,,,,,,,,,,,,,,,
,,,,,,,,,,,,,,,,,,
,,,,,,,,,,,,,,,,,,
,,,,,,,,,,,,,,,,,,
,,,,,,,,,,,,,,,,,,
,,,,,,,,,,,,,,,,,,
,,,,,,,,,,,,,,,,,,
,,,,,,,,,,,,,,,,,,
,,,,,,,,,,,,,,,,,,
,,,,,,,,,,,,,,,,,,
,,,,,,,,,,,,,,,,,,
,,,,,,,,,,,,,,,,,,
,,,,,,,,,,,,,,,,,,
,,,,,,,,,,,,,,,,,,
,,,,,,,,,,,,,,,,,,
,,,,,,,,,,,,,,,,,,
,,,,,,,,,,,,,,,,,,
,,,,,,,,,,,,,,,,,,
,,,,,,,,,,,,,,,,,,
,,,,,,,,,,,,,,,,,,
,,,,,,,,,,,,,,,,,,
,,,,,,,,,,,,,,,,,,
,,,,,,,,,,,,,,,,,,
,,,,,,,,,,,,,,,,,,
,,,,,,,,,,,,,,,,,,
,,,,,,,,,,,,,,,,,,
,,,,,,,,,,,,,,,,,,
,,,,,,,,,,,,,,,,,,
,,,,,,,,,,,,,,,,,,
,,,,,,,,,,,,,,,,,,
,,,,,,,,,,,,,,,,,,
,,,,,,,,,,,,,,,,,,
,,,,,,,,,,,,,,,,,,
,,,,,,,,,,,,,,,,,,
,,,,,,,,,,,,,,,,,,
,,,,,,,,,,,,,,,,,,
,,,,,,,,,,,,,,,,,,
,,,,,,,,,,,,,,,,,,
,,,,,,,,,,,,,,,,,,
,,,,,,,,,,,,,,,,,,
,,,,,,,,,,,,,,,,,,
,,,,,,,,,,,,,,,,,,
,,,,,,,,,,,,,,,,,,
,,,,,,,,,,,,,,,,,,
,,,,,,,,,,,,,,,,,,
,,,,,,,,,,,,,,,,,,
,,,,,,,,,,,,,,,,,,
,,,,,,,,,,,,,,,,,,
,,,,,,,,,,,,,,,,,,
,,,,,,,,,,,,,,,,,,
,,,,,,,,,,,,,,,,,,
,,,,,,,,,,,,,,,,,,
,,,,,,,,,,,,,,,,,,
,,,,,,,,,,,,,,,,,,
,,,,,,,,,,,,,,,,,,
,,,,,,,,,,,,,,,,,,
,,,,,,,,,,,,,,,,,,
,,,,,,,,,,,,,,,,,,
,,,,,,,,,,,,,,,,,,
,,,,,,,,,,,,,,,,,,
,,,,,,,,,,,,,,,,,,
,,,,,,,,,,,,,,,,,,
,,,,,,,,,,,,,,,,,,
,,,,,,,,,,,,,,,,,,
,,,,,,,,,,,,,,,,,,
,,,,,,,,,,,,,,,,,,
,,,,,,,,,,,,,,,,,,
,,,,,,,,,,,,,,,,,,
,,,,,,,,,,,,,,,,,,
,,,,,,,,,,,,,,,,,,
,,,,,male,,,,,,,,,,,,,
,,,,,male,,,,,,,,,,,,,
,,,,,female,,,,,,,,,,,,,
,,,,,male,,,,,,,,,,,,,
,,,,,male,,,,,,,,,,,,,
,,,,,male,,,,,,,,,,,,,
,,,,,male,,,,,,,,,,,,,
,,,,,male,,,,,,,,,,,,,
,,,,,male,,,,,,,,,,,,,
,,,,,female,,,,,,,,,,,,,
,,,,,male,,,,,,,,,,,,,
,,,,,male,,,,,,,,,,,,,
,,,,,male,,,,,,,,,,,,,
,,,,,male,,,,,,,,,,,,,
,,,,,male,,,,,,,,,,,,,
,,,,,male,,,,,,,,,,,,,
,,,,,female,,,,,,,,,,,,,
,,,,,male,,,,,,,,,,,,,
,,,,,male,,,,,,,,,,,,,
,,,,,female,,,,,,,,,,,,,
,,,,,female,,,,,,,,,,,,,
,,,,,female,,,,,,,,,,,,,
,,,,,female,,,,,,,,,,,,,
,,,,,female,,,,,,,,,,,,,
,,,,,male,,,,,,,,,,,,,
,,,,,female,,,,,,,,,,,,,
,,,,,female,,,,,,,,,,,,,
,,,,,male,,,,,,,,,,,,,
,,,,,male,,,,,,,,,,,,,
,,,,,male,,,,,,,,,,,,,
,,,,,female,,,,,,,,,,,,,
,,,,,male,,,,,,,,,,,,,
,,,,,female,,,,,,,,,,,,,
,,,,,female,,,,,,,,,,,,,
,,,,,male,,,,,,,,,,,,,
,,,,,female,,,,,,,,,,,,,
,,,,,male,,,,,,,,,,,,,
,,,,,male,,,,,,,,,,,,,
,,,,,female,,,,,,,,,,,,,
,,,,,male,,,,,,,,,,,,,
,,,,,male,,,,,,,,,,,,,
,,,,,male,,,,,,,,,,,,,
,,,,,female,,,,,,,,,,,,,
,,,,,female,,,,,,,,,,,,,
,,,,,male,,,,,,,,,,,,,
,,,,,female,,,,,,,,,,,,,
,,,,,female,,,,,,,,,,,,,
,,,,,female,,,,,,,,,,,,,
,,,,,male,,,,,,,,,,,,,
,,,,,male,,,,,,,,,,,,,
,,,,,female,,,,,,,,,,,,,
,,,,,male,,,,,,,,,,,,,
,,,,,male,,,,,,,,,,,,,
,,,,,male,,,,,,,,,,,,,
,,,,,female,,,,,,,,,,,,,
,,,,,female,,,,,,,,,,,,,
,,,,,male,,,,,,,,,,,,,
,,,,,male,,,,,,,,,,,,,
,,,,,female,,,,,,,,,,,,,
,,,,,male,,,,,,,,,,,,,
,,,,,male,,,,,,,,,,,,,
,,,,,female,,,,,,,,,,,,,
,,,,,male,,,,,,,,,,,,,
,,,,,female,,,,,,,,,,,,,
,,,,,male,,,,,,,,,,,,,
,,,,,male,,,,,,,,,,,,,
,,,,,female,,,,,,,,,,,,,
,,,,,male,,,,,,,,,,,,,
,,,,,female,,,,,,,,,,,,,
,,,,,female,,,,,,,,,,,,,
,,,,,male,,,,,,,,,,,,,
,,,,,female,,,,,,,,,,,,,
,,,,,male,,,,,,,,,,,,,
,,,,,male,,,,,,,,,,,,,
,,,,,female,,,,,,,,,,,,,
,,,,,male,,,,,,,,,,,,,
,,,,,male,,,,,,,,,,,,,
,,,,,male,,,,,,,,,,,,,
,,,,,male,,,,,,,,,,,,,
,,,,,male,,,,,,,,,,,,,
,,,,,male,,,,,,,,,,,,,
,,,,,female,,,,,,,,,,,,,
,,,,,male,,,,,,,,,,,,,
,,,,,male,,,,,,,,,,,,,
,,,,,male,,,,,,,,,,,,,
,,,,,female,,,,,,,,,,,,,
,,,,,male,,,,,,,,,,,,,
,,,,,female,,,,,,,,,,,,,
,,,,,female,,,,,,,,,,,,,
,,,,,male,,,,,,,,,,,,,
,,,,,female,,,,,,,,,,,,,
,,,,,male,,,,,,,,,,,,,
,,,,,male,,,,,,,,,,,,,
,,,,,female,,,,,,,,,,,,,
,,,,,male,,,,,,,,,,,,,
,,,,,male,,,,,,,,,,,,,
,,,,,male,,,,,,,,,,,,,
,,,,,male,,,,,,,,,,,,,
,,,,,male,,,,,,,,,,,,,
,,,,,male,,,,,,,,,,,,,
,,,,,female,,,,,,,,,,,,,
,,,,,male,,,,,,,,,,,,,
,,,,,male,,,,,,,,,,,,,
,,,,,male,,,,,,,,,,,,,
,,,,,male,,,,,,,,,,,,,
,,,,,male,,,,,,,,,,,,,
,,,,,female,,,,,,,,,,,,,
,,,,,male,,,,,,,,,,,,,
,,,,,female,,,,,,,,,,,,,
,,,,,female,,,,,,,,,,,,,
,,,,,female,,,,,,,,,,,,,
,,,,,female,,,,,,,,,,,,,
,,,,,female,,,,,,,,,,,,,
,,,,,female,,,,,,,,,,,,,
,,,,,male,,,,,,,,,,,,,
,,,,,female,,,,,,,,,,,,,
,,,,,male,,,,,,,,,,,,,
,,,,,male,,,,,,,,,,,,,
,,,,,male,,,,,,,,,,,,,
,,,,,male,,,,,,,,,,,,,
,,,,,male,,,,,,,,,,,,,
,,,,,female,,,,,,,,,,,,,
,,,,,male,,,,,,,,,,,,,
,,,,,male,,,,,,,,,,,,,
,,,,,male,,,,,,,,,,,,,
,,,,,male,,,,,,,,,,,,,
,,,,,male,,,,,,,,,,,,,
,,,,,male,,,,,,,,,,,,,
,,,,,female,,,,,,,,,,,,,
,,,,,male,,,,,,,,,,,,,
,,,,,male,,,,,,,,,,,,,
,,,,,male,,,,,,,,,,,,,
,,,,,male,,,,,,,,,,,,,
,,,,,male,,,,,,,,,,,,,
,,,,,male,,,,,,,,,,,,,
,,,,,female,,,,,,,,,,,,,
,,,,,male,,,,,,,,,,,,,
,,,,,male,,,,,,,,,,,,,
,,,,,female,,,,,,,,,,,,,
,,,,,female,,,,,,,,,,,,,
,,,,,female,,,,,,,,,,,,,
,,,,,female,,,,,,,,,,,,,
,,,,,female,,,,,,,,,,,,,
,,,,,male,,,,,,,,,,,,,
,,,,,female,,,,,,,,,,,,,
,,,,,female,,,,,,,,,,,,,
,,,,,male,,,,,,,,,,,,,
,,,,,male,,,,,,,,,,,,,
,,,,,male,,,,,,,,,,,,,
,,,,,female,,,,,,,,,,,,,
,,,,,male,,,,,,,,,,,,,
,,,,,female,,,,,,,,,,,,,
,,,,,female,,,,,,,,,,,,,
,,,,,male,,,,,,,,,,,,,
,,,,,female,,,,,,,,,,,,,
,,,,,male,,,,,,,,,,,,,
,,,,,male,,,,,,,,,,,,,
,,,,,female,,,,,,,,,,,,,
,,,,,male,,,,,,,,,,,,,
,,,,,male,,,,,,,,,,,,,
,,,,,male,,,,,,,,,,,,,
,,,,,female,,,,,,,,,,,,,
,,,,,female,,,,,,,,,,,,,
,,,,,male,,,,,,,,,,,,,
,,,,,female,,,,,,,,,,,,,
,,,,,female,,,,,,,,,,,,,
,,,,,female,,,,,,,,,,,,,
,,,,,male,,,,,,,,,,,,,
,,,,,male,,,,,,,,,,,,,
,,,,,female,,,,,,,,,,,,,
,,,,,male,,,,,,,,,,,,,
,,,,,male,,,,,,,,,,,,,
,,,,,male,,,,,,,,,,,,,
,,,,,female,,,,,,,,,,,,,
,,,,,female,,,,,,,,,,,,,
,,,,,male,,,,,,,,,,,,,
,,,,,male,,,,,,,,,,,,,
,,,,,female,,,,,,,,,,,,,
,,,,,male,,,,,,,,,,,,,
,,,,,male,,,,,,,,,,,,,
,,,,,female,,,,,,,,,,,,,
,,,,,male,,,,,,,,,,,,,
,,,,,female,,,,,,,,,,,,,
,,,,,male,,,,,,,,,,,,,
,,,,,male,,,,,,,,,,,,,
,,,,,female,,,,,,,,,,,,,
,,,,,male,,,,,,,,,,,,,
,,,,,female,,,,,,,,,,,,,
,,,,,female,,,,,,,,,,,,,
,,,,,male,,,,,,,,,,,,,
,,,,,female,,,,,,,,,,,,,
,,,,,male,,,,,,,,,,,,,
,,,,,male,,,,,,,,,,,,,
,,,,,female,,,,,,,,,,,,,
,,,,,male,,,,,,,,,,,,,
,,,,,male,,,,,,,,,,,,,
,,,,,male,,,,,,,,,,,,,
,,,,,male,,,,,,,,,,,,,
,,,,,male,,,,,,,,,,,,,
,,,,,male,,,,,,,,,,,,,
,,,,,female,,,,,,,,,,,,,
,,,,,male,,,,,,,,,,,,,
,,,,,male,,,,,,,,,,,,,
,,,,,male,,,,,,,,,,,,,
,,,,,female,,,,,,,,,,,,,
,,,,,male,,,,,,,,,,,,,
,,,,,male,,,,,,,,,,,,,
,,,,,female,,,,,,,,,,,,,
,,,,,male,,,,,,,,,,,,,
,,,,,female,,,,,,,,,,,,,
,,,,,male,,,,,,,,,,,,,
,,,,,male,,,,,,,,,,,,,
,,,,,female,,,,,,,,,,,,,
,,,,,male,,,,,,,,,,,,,
,,,,,female,,,,,,,,,,,,,
,,,,,female,,,,,,,,,,,,,
,,,,,male,,,,,,,,,,,,,
,,,,,female,,,,,,,,,,,,,
,,,,,male,,,,,,,,,,,,,
,,,,,male,,,,,,,,,,,,,
,,,,,female,,,,,,,,,,,,,
,,,,,male,,,,,,,,,,,,,
,,,,,male,,,,,,,,,,,,,
,,,,,male,,,,,,,,,,,,,
,,,,,male,,,,,,,,,,,,,
,,,,,male,,,,,,,,,,,,,
,,,,,male,,,,,,,,,,,,,
,,,,,female,,,,,,,,,,,,,
,,,,,male,,,,,,,,,,,,,
,,,,,male,,,,,,,,,,,,,
,,,,,male,,,,,,,,,,,,,
,,,,,female,,,,,,,,,,,,,
,,,,,male,,,,,,,,,,,,,
,,,,,female,,,,,,,,,,,,,
,,,,,female,,,,,,,,,,,,,
,,,,,male,,,,,,,,,,,,,
,,,,,female,,,,,,,,,,,,,
,,,,,male,,,,,,,,,,,,,
,,,,,male,,,,,,,,,,,,,
,,,,,female,,,,,,,,,,,,,
,,,,,male,,,,,,,,,,,,,
,,,,,male,,,,,,,,,,,,,
,,,,,male,,,,,,,,,,,,,
,,,,,male,,,,,,,,,,,,,
,,,,,male,,,,,,,,,,,,,
,,,,,male,,,,,,,,,,,,,
,,,,,female,,,,,,,,,,,,,
,,,,,male,,,,,,,,,,,,,
,,,,,male,,,,,,,,,,,,,
,,,,,male,,,,,,,,,,,,,
,,,,,male,,,,,,,,,,,,,
,,,,,male,,,,,,,,,,,,,
,,,,,female,,,,,,,,,,,,,
,,,,,male,,,,,,,,,,,,,
,,,,,female,,,,,,,,,,,,,
,,,,,female,,,,,,,,,,,,,
,,,,,female,,,,,,,,,,,,,
,,,,,female,,,,,,,,,,,,,
,,,,,female,,,,,,,,,,,,,
,,,,,female,,,,,,,,,,,,,
,,,,,male,,,,,,,,,,,,,
,,,,,female,,,,,,,,,,,,,
,,,,,male,,,,,,,,,,,,,
,,,,,male,,,,,,,,,,,,,
,,,,,male,,,,,,,,,,,,,
,,,,,male,,,,,,,,,,,,,
,,,,,male,,,,,,,,,,,,,
,,,,,female,,,,,,,,,,,,,
,,,,,male,,,,,,,,,,,,,
,,,,,male,,,,,,,,,,,,,
,,,,,male,,,,,,,,,,,,,
,,,,,male,,,,,,,,,,,,,
,,,,,male,,,,,,,,,,,,,
,,,,,male,,,,,,,,,,,,,
,,,,,female,,,,,,,,,,,,,
,,,,,male,,,,,,,,,,,,,
,,,,,male,,,,,,,,,,,,,
,,,,,male,,,,,,,,,,,,,
,,,,,male,,,,,,,,,,,,,
,,,,,male,,,,,,,,,,,,,
,,,,,male,,,,,,,,,,,,,
,,,,,female,,,,,,,,,,,,,
,,,,,male,,,,,,,,,,,,,
,,,,,male,,,,,,,,,,,,,
,,,,,female,,,,,,,,,,,,,
,,,,,female,,,,,,,,,,,,,
,,,,,female,,,,,,,,,,,,,
,,,,,female,,,,,,,,,,,,,
,,,,,female,,,,,,,,,,,,,
,,,,,male,,,,,,,,,,,,,
,,,,,female,,,,,,,,,,,,,
,,,,,female,,,,,,,,,,,,,
,,,,,male,,,,,,,,,,,,,
,,,,,male,,,,,,,,,,,,,
,,,,,male,,,,,,,,,,,,,
,,,,,female,,,,,,,,,,,,,
,,,,,male,,,,,,,,,,,,,
,,,,,female,,,,,,,,,,,,,
,,,,,female,,,,,,,,,,,,,
,,,,,male,,,,,,,,,,,,,
,,,,,female,,,,,,,,,,,,,
,,,,,male,,,,,,,,,,,,,
,,,,,male,,,,,,,,,,,,,
,,,,,female,,,,,,,,,,,,,
,,,,,male,,,,,,,,,,,,,
,,,,,male,,,,,,,,,,,,,
,,,,,male,,,,,,,,,,,,,
,,,,,female,,,,,,,,,,,,,
,,,,,female,,,,,,,,,,,,,
,,,,,male,,,,,,,,,,,,,
,,,,,female,,,,,,,,,,,,,
,,,,,female,,,,,,,,,,,,,
,,,,,female,,,,,,,,,,,,,
,,,,,male,,,,,,,,,,,,,
,,,,,male,,,,,,,,,,,,,
,,,,,female,,,,,,,,,,,,,
,,,,,male,,,,,,,,,,,,,
,,,,,male,,,,,,,,,,,,,
,,,,,male,,,,,,,,,,,,,
,,,,,female,,,,,,,,,,,,,
,,,,,female,,,,,,,,,,,,,
,,,,,male,,,,,,,,,,,,,
,,,,,male,,,,,,,,,,,,,
,,,,,female,,,,,,,,,,,,,
,,,,,male,,,,,,,,,,,,,
,,,,,male,,,,,,,,,,,,,
,,,,,female,,,,,,,,,,,,,
,,,,,male,,,,,,,,,,,,,
,,,,,female,,,,,,,,,,,,,
,,,,,male,,,,,,,,,,,,,
,,,,,male,,,,,,,,,,,,,
,,,,,female,,,,,,,,,,,,,
,,,,,male,,,,,,,,,,,,,
,,,,,female,,,,,,,,,,,,,
,,,,,female,,,,,,,,,,,,,
,,,,,male,,,,,,,,,,,,,
,,,,,female,,,,,,,,,,,,,
,,,,,male,,,,,,,,,,,,,
,,,,,male,,,,,,,,,,,,,
,,,,,female,,,,,,,,,,,,,
,,,,,male,,,,,,,,,,,,,
,,,,,male,,,,,,,,,,,,,
,,,,,male,,,,,,,,,,,,,
,,,,,male,,,,,,,,,,,,,
,,,,,male,,,,,,,,,,,,,
,,,,,male,,,,,,,,,,,,,
,,,,,female,,,,,,,,,,,,,
,,,,,male,,,,,,,,,,,,,
,,,,,male,,,,,,,,,,,,,
,,,,,male,,,,,,,,,,,,,